number_run,timestamp_local,timestamp_utc,collimatore_timestamp_gva,collimatore_timestamp_utc,collimatore131x,collimatore131y,collimatore197x,collimatore197y
20248,2026-06-05 01:57:00+02:00,2026-06-04 23:57:00+00:00,2026-06-04 20:57:46.460000+02:00,2026-06-04 18:57:46.460000+00:00,-5,5,-10,10
20249,2026-06-05 02:27:00+02:00,2026-06-05 00:27:00+00:00,2026-06-05 02:24:45.450000+02:00,2026-06-05 00:24:45.450000+00:00,-3,3,-10,10
20250,2026-06-05 02:37:00+02:00,2026-06-05 00:37:00+00:00,2026-06-05 02:24:45.450000+02:00,2026-06-05 00:24:45.450000+00:00,-3,3,-10,10
20251,2026-06-05 02:43:00+02:00,2026-06-05 00:43:00+00:00,2026-06-05 02:24:45.450000+02:00,2026-06-05 00:24:45.450000+00:00,-3,3,-10,10
20252,2026-06-05 02:47:00+02:00,2026-06-05 00:47:00+00:00,2026-06-05 02:24:45.450000+02:00,2026-06-05 00:24:45.450000+00:00,-3,3,-10,10
20253,2026-06-05 02:51:00+02:00,2026-06-05 00:51:00+00:00,2026-06-05 02:24:45.450000+02:00,2026-06-05 00:24:45.450000+00:00,-3,3,-10,10
20254,2026-06-05 02:55:00+02:00,2026-06-05 00:55:00+00:00,2026-06-05 02:24:45.450000+02:00,2026-06-05 00:24:45.450000+00:00,-3,3,-10,10
20255,2026-06-05 02:58:00+02:00,2026-06-05 00:58:00+00:00,2026-06-05 02:24:45.450000+02:00,2026-06-05 00:24:45.450000+00:00,-3,3,-10,10
20256,2026-06-05 03:07:00+02:00,2026-06-05 01:07:00+00:00,2026-06-05 02:24:45.450000+02:00,2026-06-05 00:24:45.450000+00:00,-3,3,-10,10
20257,2026-06-05 03:11:00+02:00,2026-06-05 01:11:00+00:00,2026-06-05 02:24:45.450000+02:00,2026-06-05 00:24:45.450000+00:00,-3,3,-10,10
20258,2026-06-05 03:36:00+02:00,2026-06-05 01:36:00+00:00,2026-06-05 03:33:34.340000+02:00,2026-06-05 01:33:34.340000+00:00,-3,3,-10,10
20259,2026-06-05 03:41:00+02:00,2026-06-05 01:41:00+00:00,2026-06-05 03:33:34.340000+02:00,2026-06-05 01:33:34.340000+00:00,-3,3,-10,10
20260,2026-06-05 03:44:00+02:00,2026-06-05 01:44:00+00:00,2026-06-05 03:33:34.340000+02:00,2026-06-05 01:33:34.340000+00:00,-3,3,-10,10
20261,2026-06-05 04:09:00+02:00,2026-06-05 02:09:00+00:00,2026-06-05 04:05:11.110000+02:00,2026-06-05 02:05:11.110000+00:00,-6,6,-15,15
20262,2026-06-05 04:12:00+02:00,2026-06-05 02:12:00+00:00,2026-06-05 04:05:11.110000+02:00,2026-06-05 02:05:11.110000+00:00,-6,6,-15,15
20263,2026-06-05 04:14:00+02:00,2026-06-05 02:14:00+00:00,2026-06-05 04:05:11.110000+02:00,2026-06-05 02:05:11.110000+00:00,-6,6,-15,15
20264,2026-06-05 04:17:00+02:00,2026-06-05 02:17:00+00:00,2026-06-05 04:05:11.110000+02:00,2026-06-05 02:05:11.110000+00:00,-6,6,-15,15
20265,2026-06-05 04:18:00+02:00,2026-06-05 02:18:00+00:00,2026-06-05 04:05:11.110000+02:00,2026-06-05 02:05:11.110000+00:00,-6,6,-15,15
20266,2026-06-05 04:19:00+02:00,2026-06-05 02:19:00+00:00,2026-06-05 04:05:11.110000+02:00,2026-06-05 02:05:11.110000+00:00,-6,6,-15,15
20267,2026-06-05 04:22:00+02:00,2026-06-05 02:22:00+00:00,2026-06-05 04:05:11.110000+02:00,2026-06-05 02:05:11.110000+00:00,-6,6,-15,15
20268,2026-06-05 04:24:00+02:00,2026-06-05 02:24:00+00:00,2026-06-05 04:05:11.110000+02:00,2026-06-05 02:05:11.110000+00:00,-6,6,-15,15
20269,2026-06-05 04:26:00+02:00,2026-06-05 02:26:00+00:00,2026-06-05 04:05:11.110000+02:00,2026-06-05 02:05:11.110000+00:00,-6,6,-15,15
20270,2026-06-05 05:39:00+02:00,2026-06-05 03:39:00+00:00,2026-06-05 04:05:11.110000+02:00,2026-06-05 02:05:11.110000+00:00,-6,6,-15,15
20271,2026-06-05 06:24:00+02:00,2026-06-05 04:24:00+00:00,2026-06-05 06:20:44.440000+02:00,2026-06-05 04:20:44.440000+00:00,-10,10,-12,12
20272,2026-06-05 06:26:00+02:00,2026-06-05 04:26:00+00:00,2026-06-05 06:20:44.440000+02:00,2026-06-05 04:20:44.440000+00:00,-10,10,-12,12
20273,2026-06-05 06:37:00+02:00,2026-06-05 04:37:00+00:00,2026-06-05 06:20:44.440000+02:00,2026-06-05 04:20:44.440000+00:00,-10,10,-12,12
20274,2026-06-05 06:38:00+02:00,2026-06-05 04:38:00+00:00,2026-06-05 06:20:44.440000+02:00,2026-06-05 04:20:44.440000+00:00,-10,10,-12,12
20275,2026-06-05 06:40:00+02:00,2026-06-05 04:40:00+00:00,2026-06-05 06:20:44.440000+02:00,2026-06-05 04:20:44.440000+00:00,-10,10,-12,12
20276,2026-06-05 07:08:00+02:00,2026-06-05 05:08:00+00:00,2026-06-05 07:03:40.400000+02:00,2026-06-05 05:03:40.400000+00:00,-20,20,-12,12
20277,2026-06-05 07:12:00+02:00,2026-06-05 05:12:00+00:00,2026-06-05 07:03:40.400000+02:00,2026-06-05 05:03:40.400000+00:00,-20,20,-12,12
20278,2026-06-05 07:20:00+02:00,2026-06-05 05:20:00+00:00,2026-06-05 07:03:40.400000+02:00,2026-06-05 05:03:40.400000+00:00,-20,20,-12,12
20279,2026-06-05 08:08:00+02:00,2026-06-05 06:08:00+00:00,2026-06-05 08:05:15.150000+02:00,2026-06-05 06:05:15.150000+00:00,-3,3,-15,15
20280,2026-06-05 08:11:00+02:00,2026-06-05 06:11:00+00:00,2026-06-05 08:05:15.150000+02:00,2026-06-05 06:05:15.150000+00:00,-3,3,-15,15
20281,2026-06-05 08:19:00+02:00,2026-06-05 06:19:00+00:00,2026-06-05 08:05:15.150000+02:00,2026-06-05 06:05:15.150000+00:00,-3,3,-15,15
20282,2026-06-05 08:21:00+02:00,2026-06-05 06:21:00+00:00,2026-06-05 08:05:15.150000+02:00,2026-06-05 06:05:15.150000+00:00,-3,3,-15,15
20283,2026-06-05 08:48:00+02:00,2026-06-05 06:48:00+00:00,2026-06-05 08:43:04.040000+02:00,2026-06-05 06:43:04.040000+00:00,-3,3,-15,15
20284,2026-06-05 08:51:00+02:00,2026-06-05 06:51:00+00:00,2026-06-05 08:43:04.040000+02:00,2026-06-05 06:43:04.040000+00:00,-3,3,-15,15
20285,2026-06-05 08:54:00+02:00,2026-06-05 06:54:00+00:00,2026-06-05 08:43:04.040000+02:00,2026-06-05 06:43:04.040000+00:00,-3,3,-15,15
20286,2026-06-05 09:38:00+02:00,2026-06-05 07:38:00+00:00,2026-06-05 08:43:04.040000+02:00,2026-06-05 06:43:04.040000+00:00,-3,3,-15,15
20287,2026-06-05 09:40:00+02:00,2026-06-05 07:40:00+00:00,2026-06-05 08:43:04.040000+02:00,2026-06-05 06:43:04.040000+00:00,-3,3,-15,15
20288,2026-06-05 09:47:00+02:00,2026-06-05 07:47:00+00:00,2026-06-05 08:43:04.040000+02:00,2026-06-05 06:43:04.040000+00:00,-3,3,-15,15
20290,2026-06-05 10:32:00+02:00,2026-06-05 08:32:00+00:00,2026-06-05 08:43:04.040000+02:00,2026-06-05 06:43:04.040000+00:00,-3,3,-15,15
20291,2026-06-05 10:37:00+02:00,2026-06-05 08:37:00+00:00,2026-06-05 08:43:04.040000+02:00,2026-06-05 06:43:04.040000+00:00,-3,3,-15,15
20292,2026-06-05 10:48:00+02:00,2026-06-05 08:48:00+00:00,2026-06-05 08:43:04.040000+02:00,2026-06-05 06:43:04.040000+00:00,-3,3,-15,15
20293,2026-06-05 10:52:00+02:00,2026-06-05 08:52:00+00:00,2026-06-05 08:43:04.040000+02:00,2026-06-05 06:43:04.040000+00:00,-3,3,-15,15
20294,2026-06-05 10:59:00+02:00,2026-06-05 08:59:00+00:00,2026-06-05 08:43:04.040000+02:00,2026-06-05 06:43:04.040000+00:00,-3,3,-15,15
20295,2026-06-05 11:50:00+02:00,2026-06-05 09:50:00+00:00,2026-06-05 08:43:04.040000+02:00,2026-06-05 06:43:04.040000+00:00,-3,3,-15,15
20296,2026-06-05 11:55:00+02:00,2026-06-05 09:55:00+00:00,2026-06-05 08:43:04.040000+02:00,2026-06-05 06:43:04.040000+00:00,-3,3,-15,15
20297,2026-06-05 11:57:00+02:00,2026-06-05 09:57:00+00:00,2026-06-05 08:43:04.040000+02:00,2026-06-05 06:43:04.040000+00:00,-3,3,-15,15
20298,2026-06-05 12:22:00+02:00,2026-06-05 10:22:00+00:00,2026-06-05 12:18:44.440000+02:00,2026-06-05 10:18:44.440000+00:00,-3,3,-10,10
20299,2026-06-05 12:23:00+02:00,2026-06-05 10:23:00+00:00,2026-06-05 12:18:44.440000+02:00,2026-06-05 10:18:44.440000+00:00,-3,3,-10,10
20300,2026-06-05 12:25:00+02:00,2026-06-05 10:25:00+00:00,2026-06-05 12:18:44.440000+02:00,2026-06-05 10:18:44.440000+00:00,-3,3,-10,10
20301,2026-06-05 12:28:00+02:00,2026-06-05 10:28:00+00:00,2026-06-05 12:18:44.440000+02:00,2026-06-05 10:18:44.440000+00:00,-3,3,-10,10
20302,2026-06-05 12:31:00+02:00,2026-06-05 10:31:00+00:00,2026-06-05 12:18:44.440000+02:00,2026-06-05 10:18:44.440000+00:00,-3,3,-10,10
20303,2026-06-05 12:34:00+02:00,2026-06-05 10:34:00+00:00,2026-06-05 12:18:44.440000+02:00,2026-06-05 10:18:44.440000+00:00,-3,3,-10,10
20304,2026-06-05 12:40:00+02:00,2026-06-05 10:40:00+00:00,2026-06-05 12:18:44.440000+02:00,2026-06-05 10:18:44.440000+00:00,-3,3,-10,10
20306,2026-06-05 14:31:00+02:00,2026-06-05 12:31:00+00:00,2026-06-05 12:18:44.440000+02:00,2026-06-05 10:18:44.440000+00:00,-3,3,-10,10
20307,2026-06-05 16:18:00+02:00,2026-06-05 14:18:00+00:00,2026-06-05 12:18:44.440000+02:00,2026-06-05 10:18:44.440000+00:00,-3,3,-10,10
20309,2026-06-05 16:40:00+02:00,2026-06-05 14:40:00+00:00,2026-06-05 12:18:44.440000+02:00,2026-06-05 10:18:44.440000+00:00,-3,3,-10,10
20310,2026-06-05 16:50:00+02:00,2026-06-05 14:50:00+00:00,2026-06-05 12:18:44.440000+02:00,2026-06-05 10:18:44.440000+00:00,-3,3,-10,10
20311,2026-06-05 17:56:00+02:00,2026-06-05 15:56:00+00:00,2026-06-05 12:18:44.440000+02:00,2026-06-05 10:18:44.440000+00:00,-3,3,-10,10
20312,2026-06-05 18:03:00+02:00,2026-06-05 16:03:00+00:00,2026-06-05 12:18:44.440000+02:00,2026-06-05 10:18:44.440000+00:00,-3,3,-10,10
20313,2026-06-05 18:06:00+02:00,2026-06-05 16:06:00+00:00,2026-06-05 12:18:44.440000+02:00,2026-06-05 10:18:44.440000+00:00,-3,3,-10,10
20314,2026-06-05 18:26:00+02:00,2026-06-05 16:26:00+00:00,2026-06-05 12:18:44.440000+02:00,2026-06-05 10:18:44.440000+00:00,-3,3,-10,10
20315,2026-06-05 18:39:00+02:00,2026-06-05 16:39:00+00:00,2026-06-05 12:18:44.440000+02:00,2026-06-05 10:18:44.440000+00:00,-3,3,-10,10
20316,2026-06-05 18:42:00+02:00,2026-06-05 16:42:00+00:00,2026-06-05 12:18:44.440000+02:00,2026-06-05 10:18:44.440000+00:00,-3,3,-10,10
20317,2026-06-05 20:18:00+02:00,2026-06-05 18:18:00+00:00,2026-06-05 12:18:44.440000+02:00,2026-06-05 10:18:44.440000+00:00,-3,3,-10,10
20318,2026-06-05 21:45:00+02:00,2026-06-05 19:45:00+00:00,2026-06-05 12:18:44.440000+02:00,2026-06-05 10:18:44.440000+00:00,-3,3,-10,10
20319,2026-06-05 21:50:00+02:00,2026-06-05 19:50:00+00:00,2026-06-05 12:18:44.440000+02:00,2026-06-05 10:18:44.440000+00:00,-3,3,-10,10
20322,2026-06-05 21:56:00+02:00,2026-06-05 19:56:00+00:00,2026-06-05 12:18:44.440000+02:00,2026-06-05 10:18:44.440000+00:00,-3,3,-10,10
20323,2026-06-05 23:54:00+02:00,2026-06-05 21:54:00+00:00,2026-06-05 12:18:44.440000+02:00,2026-06-05 10:18:44.440000+00:00,-3,3,-10,10
20324,2026-06-06 00:10:00+02:00,2026-06-05 22:10:00+00:00,2026-06-05 12:18:44.440000+02:00,2026-06-05 10:18:44.440000+00:00,-3,3,-10,10
20325,2026-06-06 00:23:00+02:00,2026-06-05 22:23:00+00:00,2026-06-05 12:18:44.440000+02:00,2026-06-05 10:18:44.440000+00:00,-3,3,-10,10
20326,2026-06-06 00:29:00+02:00,2026-06-05 22:29:00+00:00,2026-06-05 12:18:44.440000+02:00,2026-06-05 10:18:44.440000+00:00,-3,3,-10,10
20327,2026-06-06 00:42:00+02:00,2026-06-05 22:42:00+00:00,2026-06-05 12:18:44.440000+02:00,2026-06-05 10:18:44.440000+00:00,-3,3,-10,10
20328,2026-06-06 01:19:00+02:00,2026-06-05 23:19:00+00:00,2026-06-06 01:14:44.440000+02:00,2026-06-05 23:14:44.440000+00:00,-20,20,-10,10
20329,2026-06-06 01:28:00+02:00,2026-06-05 23:28:00+00:00,2026-06-06 01:14:44.440000+02:00,2026-06-05 23:14:44.440000+00:00,-20,20,-10,10
20330,2026-06-06 01:35:00+02:00,2026-06-05 23:35:00+00:00,2026-06-06 01:14:44.440000+02:00,2026-06-05 23:14:44.440000+00:00,-20,20,-10,10
20331,2026-06-06 01:41:00+02:00,2026-06-05 23:41:00+00:00,2026-06-06 01:14:44.440000+02:00,2026-06-05 23:14:44.440000+00:00,-20,20,-10,10
20332,2026-06-06 02:31:00+02:00,2026-06-06 00:31:00+00:00,2026-06-06 02:25:47.470000+02:00,2026-06-06 00:25:47.470000+00:00,-3,3,-15,15
20333,2026-06-06 02:37:00+02:00,2026-06-06 00:37:00+00:00,2026-06-06 02:25:47.470000+02:00,2026-06-06 00:25:47.470000+00:00,-3,3,-15,15
20334,2026-06-06 02:43:00+02:00,2026-06-06 00:43:00+00:00,2026-06-06 02:25:47.470000+02:00,2026-06-06 00:25:47.470000+00:00,-3,3,-15,15
20335,2026-06-06 03:40:00+02:00,2026-06-06 01:40:00+00:00,2026-06-06 02:25:47.470000+02:00,2026-06-06 00:25:47.470000+00:00,-3,3,-15,15
20336,2026-06-06 04:18:00+02:00,2026-06-06 02:18:00+00:00,2026-06-06 02:25:47.470000+02:00,2026-06-06 00:25:47.470000+00:00,-3,3,-15,15
20337,2026-06-06 04:34:00+02:00,2026-06-06 02:34:00+00:00,2026-06-06 02:25:47.470000+02:00,2026-06-06 00:25:47.470000+00:00,-3,3,-15,15
20338,2026-06-06 04:43:00+02:00,2026-06-06 02:43:00+00:00,2026-06-06 04:39:40.400000+02:00,2026-06-06 02:39:40.400000+00:00,-3,3,-10,10
20339,2026-06-06 04:48:00+02:00,2026-06-06 02:48:00+00:00,2026-06-06 04:39:40.400000+02:00,2026-06-06 02:39:40.400000+00:00,-3,3,-10,10
20340,2026-06-06 05:23:00+02:00,2026-06-06 03:23:00+00:00,2026-06-06 04:39:40.400000+02:00,2026-06-06 02:39:40.400000+00:00,-3,3,-10,10
20341,2026-06-06 05:31:00+02:00,2026-06-06 03:31:00+00:00,2026-06-06 05:28:37.370000+02:00,2026-06-06 03:28:37.370000+00:00,-10,10,-15,15
20342,2026-06-06 05:36:00+02:00,2026-06-06 03:36:00+00:00,2026-06-06 05:28:37.370000+02:00,2026-06-06 03:28:37.370000+00:00,-10,10,-15,15
20343,2026-06-06 05:40:00+02:00,2026-06-06 03:40:00+00:00,2026-06-06 05:28:37.370000+02:00,2026-06-06 03:28:37.370000+00:00,-10,10,-15,15
20344,2026-06-06 06:09:00+02:00,2026-06-06 04:09:00+00:00,2026-06-06 05:28:37.370000+02:00,2026-06-06 03:28:37.370000+00:00,-10,10,-15,15
20345,2026-06-06 06:16:00+02:00,2026-06-06 04:16:00+00:00,2026-06-06 05:28:37.370000+02:00,2026-06-06 03:28:37.370000+00:00,-10,10,-15,15
20346,2026-06-06 06:57:00+02:00,2026-06-06 04:57:00+00:00,2026-06-06 05:28:37.370000+02:00,2026-06-06 03:28:37.370000+00:00,-10,10,-15,15
20347,2026-06-06 07:30:00+02:00,2026-06-06 05:30:00+00:00,2026-06-06 05:28:37.370000+02:00,2026-06-06 03:28:37.370000+00:00,-10,10,-15,15
20348,2026-06-06 07:45:00+02:00,2026-06-06 05:45:00+00:00,2026-06-06 05:28:37.370000+02:00,2026-06-06 03:28:37.370000+00:00,-10,10,-15,15
20349,2026-06-06 08:00:00+02:00,2026-06-06 06:00:00+00:00,2026-06-06 05:28:37.370000+02:00,2026-06-06 03:28:37.370000+00:00,-10,10,-15,15
20350,2026-06-06 08:20:00+02:00,2026-06-06 06:20:00+00:00,2026-06-06 08:12:21.210000+02:00,2026-06-06 06:12:21.210000+00:00,-3,3,-12,12
20351,2026-06-06 09:38:00+02:00,2026-06-06 07:38:00+00:00,2026-06-06 08:12:21.210000+02:00,2026-06-06 06:12:21.210000+00:00,-3,3,-12,12
20352,2026-06-06 09:44:00+02:00,2026-06-06 07:44:00+00:00,2026-06-06 09:41:41.410000+02:00,2026-06-06 07:41:41.410000+00:00,-3,3,-15,15
20353,2026-06-06 09:54:00+02:00,2026-06-06 07:54:00+00:00,2026-06-06 09:41:41.410000+02:00,2026-06-06 07:41:41.410000+00:00,-3,3,-15,15
20354,2026-06-06 11:34:00+02:00,2026-06-06 09:34:00+00:00,2026-06-06 09:41:41.410000+02:00,2026-06-06 07:41:41.410000+00:00,-3,3,-15,15
20355,2026-06-06 12:00:00+02:00,2026-06-06 10:00:00+00:00,2026-06-06 11:57:24.240000+02:00,2026-06-06 09:57:24.240000+00:00,-3,3,-10,10
20356,2026-06-06 12:10:00+02:00,2026-06-06 10:10:00+00:00,2026-06-06 11:57:24.240000+02:00,2026-06-06 09:57:24.240000+00:00,-3,3,-10,10
20358,2026-06-06 12:18:00+02:00,2026-06-06 10:18:00+00:00,2026-06-06 11:57:24.240000+02:00,2026-06-06 09:57:24.240000+00:00,-3,3,-10,10
20359,2026-06-06 12:29:00+02:00,2026-06-06 10:29:00+00:00,2026-06-06 11:57:24.240000+02:00,2026-06-06 09:57:24.240000+00:00,-3,3,-10,10
20360,2026-06-06 12:36:00+02:00,2026-06-06 10:36:00+00:00,2026-06-06 11:57:24.240000+02:00,2026-06-06 09:57:24.240000+00:00,-3,3,-10,10
20361,2026-06-06 12:42:00+02:00,2026-06-06 10:42:00+00:00,2026-06-06 11:57:24.240000+02:00,2026-06-06 09:57:24.240000+00:00,-3,3,-10,10
20363,2026-06-06 12:48:00+02:00,2026-06-06 10:48:00+00:00,2026-06-06 11:57:24.240000+02:00,2026-06-06 09:57:24.240000+00:00,-3,3,-10,10
20364,2026-06-06 13:35:00+02:00,2026-06-06 11:35:00+00:00,2026-06-06 13:32:29.290000+02:00,2026-06-06 11:32:29.290000+00:00,-20,20,-10,10
20367,2026-06-06 13:47:00+02:00,2026-06-06 11:47:00+00:00,2026-06-06 13:32:29.290000+02:00,2026-06-06 11:32:29.290000+00:00,-20,20,-10,10
20368,2026-06-06 13:57:00+02:00,2026-06-06 11:57:00+00:00,2026-06-06 13:32:29.290000+02:00,2026-06-06 11:32:29.290000+00:00,-20,20,-10,10
20369,2026-06-06 14:55:00+02:00,2026-06-06 12:55:00+00:00,2026-06-06 13:32:29.290000+02:00,2026-06-06 11:32:29.290000+00:00,-20,20,-10,10
20370,2026-06-06 15:02:00+02:00,2026-06-06 13:02:00+00:00,2026-06-06 13:32:29.290000+02:00,2026-06-06 11:32:29.290000+00:00,-20,20,-10,10
20371,2026-06-06 15:39:00+02:00,2026-06-06 13:39:00+00:00,2026-06-06 15:26:32.320000+02:00,2026-06-06 13:26:32.320000+00:00,-3,3,-15,15
20372,2026-06-06 15:46:00+02:00,2026-06-06 13:46:00+00:00,2026-06-06 15:26:32.320000+02:00,2026-06-06 13:26:32.320000+00:00,-3,3,-15,15
20378,2026-06-06 16:29:00+02:00,2026-06-06 14:29:00+00:00,2026-06-06 15:26:32.320000+02:00,2026-06-06 13:26:32.320000+00:00,-3,3,-15,15
20379,2026-06-06 16:46:00+02:00,2026-06-06 14:46:00+00:00,2026-06-06 15:26:32.320000+02:00,2026-06-06 13:26:32.320000+00:00,-3,3,-15,15
20380,2026-06-06 17:37:00+02:00,2026-06-06 15:37:00+00:00,2026-06-06 15:26:32.320000+02:00,2026-06-06 13:26:32.320000+00:00,-3,3,-15,15
20381,2026-06-06 17:56:00+02:00,2026-06-06 15:56:00+00:00,2026-06-06 15:26:32.320000+02:00,2026-06-06 13:26:32.320000+00:00,-3,3,-15,15
20382,2026-06-06 18:01:00+02:00,2026-06-06 16:01:00+00:00,2026-06-06 15:26:32.320000+02:00,2026-06-06 13:26:32.320000+00:00,-3,3,-15,15
20383,2026-06-06 18:03:00+02:00,2026-06-06 16:03:00+00:00,2026-06-06 15:26:32.320000+02:00,2026-06-06 13:26:32.320000+00:00,-3,3,-15,15
20384,2026-06-06 18:40:00+02:00,2026-06-06 16:40:00+00:00,2026-06-06 15:26:32.320000+02:00,2026-06-06 13:26:32.320000+00:00,-3,3,-15,15
20385,2026-06-06 18:45:00+02:00,2026-06-06 16:45:00+00:00,2026-06-06 15:26:32.320000+02:00,2026-06-06 13:26:32.320000+00:00,-3,3,-15,15
20386,2026-06-06 18:55:00+02:00,2026-06-06 16:55:00+00:00,2026-06-06 15:26:32.320000+02:00,2026-06-06 13:26:32.320000+00:00,-3,3,-15,15
20387,2026-06-06 21:01:00+02:00,2026-06-06 19:01:00+00:00,2026-06-06 15:26:32.320000+02:00,2026-06-06 13:26:32.320000+00:00,-3,3,-15,15
20388,2026-06-06 21:11:00+02:00,2026-06-06 19:11:00+00:00,2026-06-06 15:26:32.320000+02:00,2026-06-06 13:26:32.320000+00:00,-3,3,-15,15
20389,2026-06-06 21:15:00+02:00,2026-06-06 19:15:00+00:00,2026-06-06 15:26:32.320000+02:00,2026-06-06 13:26:32.320000+00:00,-3,3,-15,15
20391,2026-06-06 21:25:00+02:00,2026-06-06 19:25:00+00:00,2026-06-06 15:26:32.320000+02:00,2026-06-06 13:26:32.320000+00:00,-3,3,-15,15
20392,2026-06-06 21:30:00+02:00,2026-06-06 19:30:00+00:00,2026-06-06 15:26:32.320000+02:00,2026-06-06 13:26:32.320000+00:00,-3,3,-15,15
20393,2026-06-06 21:32:00+02:00,2026-06-06 19:32:00+00:00,2026-06-06 15:26:32.320000+02:00,2026-06-06 13:26:32.320000+00:00,-3,3,-15,15
20394,2026-06-06 21:49:00+02:00,2026-06-06 19:49:00+00:00,2026-06-06 21:47:44.440000+02:00,2026-06-06 19:47:44.440000+00:00,-3,3,-8,8
20395,2026-06-06 21:57:00+02:00,2026-06-06 19:57:00+00:00,2026-06-06 21:54:59.590000+02:00,2026-06-06 19:54:59.590000+00:00,-3,3,-8,8
20396,2026-06-06 21:59:00+02:00,2026-06-06 19:59:00+00:00,2026-06-06 21:54:59.590000+02:00,2026-06-06 19:54:59.590000+00:00,-3,3,-8,8
20397,2026-06-06 22:03:00+02:00,2026-06-06 20:03:00+00:00,2026-06-06 21:54:59.590000+02:00,2026-06-06 19:54:59.590000+00:00,-3,3,-8,8
20398,2026-06-06 22:09:00+02:00,2026-06-06 20:09:00+00:00,2026-06-06 21:54:59.590000+02:00,2026-06-06 19:54:59.590000+00:00,-3,3,-8,8
20399,2026-06-06 22:16:00+02:00,2026-06-06 20:16:00+00:00,2026-06-06 22:14:34.340000+02:00,2026-06-06 20:14:34.340000+00:00,-3,3,-8,8
20400,2026-06-06 22:20:00+02:00,2026-06-06 20:20:00+00:00,2026-06-06 22:14:34.340000+02:00,2026-06-06 20:14:34.340000+00:00,-3,3,-8,8
20401,2026-06-06 22:27:00+02:00,2026-06-06 20:27:00+00:00,2026-06-06 22:14:34.340000+02:00,2026-06-06 20:14:34.340000+00:00,-3,3,-8,8
20402,2026-06-06 22:32:00+02:00,2026-06-06 20:32:00+00:00,2026-06-06 22:14:34.340000+02:00,2026-06-06 20:14:34.340000+00:00,-3,3,-8,8
20403,2026-06-06 22:41:00+02:00,2026-06-06 20:41:00+00:00,2026-06-06 22:14:34.340000+02:00,2026-06-06 20:14:34.340000+00:00,-3,3,-8,8
20404,2026-06-06 22:51:00+02:00,2026-06-06 20:51:00+00:00,2026-06-06 22:14:34.340000+02:00,2026-06-06 20:14:34.340000+00:00,-3,3,-8,8
20405,2026-06-06 23:03:00+02:00,2026-06-06 21:03:00+00:00,2026-06-06 22:56:50.500000+02:00,2026-06-06 20:56:50.500000+00:00,-3,3,-8,8
20406,2026-06-06 23:09:00+02:00,2026-06-06 21:09:00+00:00,2026-06-06 22:56:50.500000+02:00,2026-06-06 20:56:50.500000+00:00,-3,3,-8,8
20407,2026-06-06 23:10:00+02:00,2026-06-06 21:10:00+00:00,2026-06-06 22:56:50.500000+02:00,2026-06-06 20:56:50.500000+00:00,-3,3,-8,8
20408,2026-06-06 23:14:00+02:00,2026-06-06 21:14:00+00:00,2026-06-06 22:56:50.500000+02:00,2026-06-06 20:56:50.500000+00:00,-3,3,-8,8
20409,2026-06-06 23:20:00+02:00,2026-06-06 21:20:00+00:00,2026-06-06 22:56:50.500000+02:00,2026-06-06 20:56:50.500000+00:00,-3,3,-8,8
20410,2026-06-06 23:41:00+02:00,2026-06-06 21:41:00+00:00,2026-06-06 22:56:50.500000+02:00,2026-06-06 20:56:50.500000+00:00,-3,3,-8,8
20411,2026-06-06 23:43:00+02:00,2026-06-06 21:43:00+00:00,2026-06-06 22:56:50.500000+02:00,2026-06-06 20:56:50.500000+00:00,-3,3,-8,8
20412,2026-06-06 23:45:00+02:00,2026-06-06 21:45:00+00:00,2026-06-06 22:56:50.500000+02:00,2026-06-06 20:56:50.500000+00:00,-3,3,-8,8
20413,2026-06-06 23:49:00+02:00,2026-06-06 21:49:00+00:00,2026-06-06 22:56:50.500000+02:00,2026-06-06 20:56:50.500000+00:00,-3,3,-8,8
20414,2026-06-06 23:54:00+02:00,2026-06-06 21:54:00+00:00,2026-06-06 22:56:50.500000+02:00,2026-06-06 20:56:50.500000+00:00,-3,3,-8,8
20415,2026-06-06 23:56:00+02:00,2026-06-06 21:56:00+00:00,2026-06-06 22:56:50.500000+02:00,2026-06-06 20:56:50.500000+00:00,-3,3,-8,8
20416,2026-06-06 23:58:00+02:00,2026-06-06 21:58:00+00:00,2026-06-06 22:56:50.500000+02:00,2026-06-06 20:56:50.500000+00:00,-3,3,-8,8
20417,2026-06-07 00:07:00+02:00,2026-06-06 22:07:00+00:00,2026-06-06 22:56:50.500000+02:00,2026-06-06 20:56:50.500000+00:00,-3,3,-8,8
20418,2026-06-07 00:14:00+02:00,2026-06-06 22:14:00+00:00,2026-06-06 22:56:50.500000+02:00,2026-06-06 20:56:50.500000+00:00,-3,3,-8,8
20419,2026-06-07 00:19:00+02:00,2026-06-06 22:19:00+00:00,2026-06-06 22:56:50.500000+02:00,2026-06-06 20:56:50.500000+00:00,-3,3,-8,8
20420,2026-06-07 00:25:00+02:00,2026-06-06 22:25:00+00:00,2026-06-06 22:56:50.500000+02:00,2026-06-06 20:56:50.500000+00:00,-3,3,-8,8
20421,2026-06-07 00:31:00+02:00,2026-06-06 22:31:00+00:00,2026-06-06 22:56:50.500000+02:00,2026-06-06 20:56:50.500000+00:00,-3,3,-8,8
20423,2026-06-07 00:45:00+02:00,2026-06-06 22:45:00+00:00,2026-06-06 22:56:50.500000+02:00,2026-06-06 20:56:50.500000+00:00,-3,3,-8,8
20424,2026-06-07 00:55:00+02:00,2026-06-06 22:55:00+00:00,2026-06-06 22:56:50.500000+02:00,2026-06-06 20:56:50.500000+00:00,-3,3,-8,8
20425,2026-06-07 00:58:00+02:00,2026-06-06 22:58:00+00:00,2026-06-06 22:56:50.500000+02:00,2026-06-06 20:56:50.500000+00:00,-3,3,-8,8
20426,2026-06-07 01:02:00+02:00,2026-06-06 23:02:00+00:00,2026-06-06 22:56:50.500000+02:00,2026-06-06 20:56:50.500000+00:00,-3,3,-8,8
20427,2026-06-07 01:07:00+02:00,2026-06-06 23:07:00+00:00,2026-06-06 22:56:50.500000+02:00,2026-06-06 20:56:50.500000+00:00,-3,3,-8,8
20428,2026-06-07 01:16:00+02:00,2026-06-06 23:16:00+00:00,2026-06-06 22:56:50.500000+02:00,2026-06-06 20:56:50.500000+00:00,-3,3,-8,8
20429,2026-06-07 01:40:00+02:00,2026-06-06 23:40:00+00:00,2026-06-07 01:38:52.520000+02:00,2026-06-06 23:38:52.520000+00:00,-3,3,-10,10
20430,2026-06-07 01:58:00+02:00,2026-06-06 23:58:00+00:00,2026-06-07 01:56:57.570000+02:00,2026-06-06 23:56:57.570000+00:00,-3,3,-10,10
20431,2026-06-07 02:21:00+02:00,2026-06-07 00:21:00+00:00,2026-06-07 01:56:57.570000+02:00,2026-06-06 23:56:57.570000+00:00,-3,3,-10,10
20432,2026-06-07 02:42:00+02:00,2026-06-07 00:42:00+00:00,2026-06-07 02:40:02.020000+02:00,2026-06-07 00:40:02.020000+00:00,-3,3,-10,10
20433,2026-06-07 03:03:00+02:00,2026-06-07 01:03:00+00:00,2026-06-07 02:40:02.020000+02:00,2026-06-07 00:40:02.020000+00:00,-3,3,-10,10
20434,2026-06-07 03:08:00+02:00,2026-06-07 01:08:00+00:00,2026-06-07 02:40:02.020000+02:00,2026-06-07 00:40:02.020000+00:00,-3,3,-10,10
20435,2026-06-07 03:29:00+02:00,2026-06-07 01:29:00+00:00,2026-06-07 03:27:19.190000+02:00,2026-06-07 01:27:19.190000+00:00,-3,3,-10,10
20436,2026-06-07 03:52:00+02:00,2026-06-07 01:52:00+00:00,2026-06-07 03:27:19.190000+02:00,2026-06-07 01:27:19.190000+00:00,-3,3,-10,10
20437,2026-06-07 03:52:00+02:00,2026-06-07 01:52:00+00:00,2026-06-07 03:27:19.190000+02:00,2026-06-07 01:27:19.190000+00:00,-3,3,-10,10
20438,2026-06-07 04:26:00+02:00,2026-06-07 02:26:00+00:00,2026-06-07 03:27:19.190000+02:00,2026-06-07 01:27:19.190000+00:00,-3,3,-10,10
20439,2026-06-07 04:41:00+02:00,2026-06-07 02:41:00+00:00,2026-06-07 03:27:19.190000+02:00,2026-06-07 01:27:19.190000+00:00,-3,3,-10,10
20440,2026-06-07 05:34:00+02:00,2026-06-07 03:34:00+00:00,2026-06-07 05:32:24.240000+02:00,2026-06-07 03:32:24.240000+00:00,-3,3,-8,8
20441,2026-06-07 05:38:00+02:00,2026-06-07 03:38:00+00:00,2026-06-07 05:32:24.240000+02:00,2026-06-07 03:32:24.240000+00:00,-3,3,-8,8
20442,2026-06-07 05:40:00+02:00,2026-06-07 03:40:00+00:00,2026-06-07 05:32:24.240000+02:00,2026-06-07 03:32:24.240000+00:00,-3,3,-8,8
20443,2026-06-07 05:43:00+02:00,2026-06-07 03:43:00+00:00,2026-06-07 05:32:24.240000+02:00,2026-06-07 03:32:24.240000+00:00,-3,3,-8,8
20444,2026-06-07 06:03:00+02:00,2026-06-07 04:03:00+00:00,2026-06-07 05:32:24.240000+02:00,2026-06-07 03:32:24.240000+00:00,-3,3,-8,8
20445,2026-06-07 06:08:00+02:00,2026-06-07 04:08:00+00:00,2026-06-07 05:32:24.240000+02:00,2026-06-07 03:32:24.240000+00:00,-3,3,-8,8
20446,2026-06-07 06:25:00+02:00,2026-06-07 04:25:00+00:00,2026-06-07 05:32:24.240000+02:00,2026-06-07 03:32:24.240000+00:00,-3,3,-8,8
20447,2026-06-07 06:27:00+02:00,2026-06-07 04:27:00+00:00,2026-06-07 05:32:24.240000+02:00,2026-06-07 03:32:24.240000+00:00,-3,3,-8,8
20448,2026-06-07 06:28:00+02:00,2026-06-07 04:28:00+00:00,2026-06-07 05:32:24.240000+02:00,2026-06-07 03:32:24.240000+00:00,-3,3,-8,8
20449,2026-06-07 06:32:00+02:00,2026-06-07 04:32:00+00:00,2026-06-07 05:32:24.240000+02:00,2026-06-07 03:32:24.240000+00:00,-3,3,-8,8
20450,2026-06-07 06:49:00+02:00,2026-06-07 04:49:00+00:00,2026-06-07 05:32:24.240000+02:00,2026-06-07 03:32:24.240000+00:00,-3,3,-8,8
20451,2026-06-07 07:15:00+02:00,2026-06-07 05:15:00+00:00,2026-06-07 05:32:24.240000+02:00,2026-06-07 03:32:24.240000+00:00,-3,3,-8,8
20452,2026-06-07 07:20:00+02:00,2026-06-07 05:20:00+00:00,2026-06-07 05:32:24.240000+02:00,2026-06-07 03:32:24.240000+00:00,-3,3,-8,8
20453,2026-06-07 07:26:00+02:00,2026-06-07 05:26:00+00:00,2026-06-07 05:32:24.240000+02:00,2026-06-07 03:32:24.240000+00:00,-3,3,-8,8
20454,2026-06-07 07:43:00+02:00,2026-06-07 05:43:00+00:00,2026-06-07 05:32:24.240000+02:00,2026-06-07 03:32:24.240000+00:00,-3,3,-8,8
20455,2026-06-07 07:47:00+02:00,2026-06-07 05:47:00+00:00,2026-06-07 05:32:24.240000+02:00,2026-06-07 03:32:24.240000+00:00,-3,3,-8,8
20457,2026-06-07 08:10:00+02:00,2026-06-07 06:10:00+00:00,2026-06-07 05:32:24.240000+02:00,2026-06-07 03:32:24.240000+00:00,-3,3,-8,8
20459,2026-06-07 09:26:00+02:00,2026-06-07 07:26:00+00:00,2026-06-07 05:32:24.240000+02:00,2026-06-07 03:32:24.240000+00:00,-3,3,-8,8
20460,2026-06-07 09:29:00+02:00,2026-06-07 07:29:00+00:00,2026-06-07 05:32:24.240000+02:00,2026-06-07 03:32:24.240000+00:00,-3,3,-8,8
20461,2026-06-07 09:33:00+02:00,2026-06-07 07:33:00+00:00,2026-06-07 05:32:24.240000+02:00,2026-06-07 03:32:24.240000+00:00,-3,3,-8,8
20462,2026-06-07 09:36:00+02:00,2026-06-07 07:36:00+00:00,2026-06-07 05:32:24.240000+02:00,2026-06-07 03:32:24.240000+00:00,-3,3,-8,8
20463,2026-06-07 10:09:00+02:00,2026-06-07 08:09:00+00:00,2026-06-07 05:32:24.240000+02:00,2026-06-07 03:32:24.240000+00:00,-3,3,-8,8
20465,2026-06-07 10:16:00+02:00,2026-06-07 08:16:00+00:00,2026-06-07 05:32:24.240000+02:00,2026-06-07 03:32:24.240000+00:00,-3,3,-8,8
20466,2026-06-07 10:17:00+02:00,2026-06-07 08:17:00+00:00,2026-06-07 05:32:24.240000+02:00,2026-06-07 03:32:24.240000+00:00,-3,3,-8,8
20467,2026-06-07 10:20:00+02:00,2026-06-07 08:20:00+00:00,2026-06-07 05:32:24.240000+02:00,2026-06-07 03:32:24.240000+00:00,-3,3,-8,8
20468,2026-06-07 11:08:00+02:00,2026-06-07 09:08:00+00:00,2026-06-07 10:59:08.080000+02:00,2026-06-07 08:59:08.080000+00:00,-3,3,-10,10
20469,2026-06-07 11:13:00+02:00,2026-06-07 09:13:00+00:00,2026-06-07 10:59:08.080000+02:00,2026-06-07 08:59:08.080000+00:00,-3,3,-10,10
20470,2026-06-07 11:20:00+02:00,2026-06-07 09:20:00+00:00,2026-06-07 10:59:08.080000+02:00,2026-06-07 08:59:08.080000+00:00,-3,3,-10,10
20471,2026-06-07 11:24:00+02:00,2026-06-07 09:24:00+00:00,2026-06-07 10:59:08.080000+02:00,2026-06-07 08:59:08.080000+00:00,-3,3,-10,10
20472,2026-06-07 11:27:00+02:00,2026-06-07 09:27:00+00:00,2026-06-07 10:59:08.080000+02:00,2026-06-07 08:59:08.080000+00:00,-3,3,-10,10
20473,2026-06-07 11:33:00+02:00,2026-06-07 09:33:00+00:00,2026-06-07 10:59:08.080000+02:00,2026-06-07 08:59:08.080000+00:00,-3,3,-10,10
20474,2026-06-07 11:35:00+02:00,2026-06-07 09:35:00+00:00,2026-06-07 10:59:08.080000+02:00,2026-06-07 08:59:08.080000+00:00,-3,3,-10,10
20475,2026-06-07 12:22:00+02:00,2026-06-07 10:22:00+00:00,2026-06-07 12:18:58.580000+02:00,2026-06-07 10:18:58.580000+00:00,-3,3,-8,8
20476,2026-06-07 12:47:00+02:00,2026-06-07 10:47:00+00:00,2026-06-07 12:18:58.580000+02:00,2026-06-07 10:18:58.580000+00:00,-3,3,-8,8
20477,2026-06-07 12:54:00+02:00,2026-06-07 10:54:00+00:00,2026-06-07 12:18:58.580000+02:00,2026-06-07 10:18:58.580000+00:00,-3,3,-8,8
20478,2026-06-07 13:09:00+02:00,2026-06-07 11:09:00+00:00,2026-06-07 12:18:58.580000+02:00,2026-06-07 10:18:58.580000+00:00,-3,3,-8,8
20479,2026-06-07 13:40:00+02:00,2026-06-07 11:40:00+00:00,2026-06-07 13:36:23.230000+02:00,2026-06-07 11:36:23.230000+00:00,-3,3,-10,10
20481,2026-06-07 13:53:00+02:00,2026-06-07 11:53:00+00:00,2026-06-07 13:36:23.230000+02:00,2026-06-07 11:36:23.230000+00:00,-3,3,-10,10
20482,2026-06-07 14:35:00+02:00,2026-06-07 12:35:00+00:00,2026-06-07 13:36:23.230000+02:00,2026-06-07 11:36:23.230000+00:00,-3,3,-10,10
20483,2026-06-07 15:37:00+02:00,2026-06-07 13:37:00+00:00,2026-06-07 15:35:21.210000+02:00,2026-06-07 13:35:21.210000+00:00,-3,3,-8,8
20484,2026-06-07 15:45:00+02:00,2026-06-07 13:45:00+00:00,2026-06-07 15:35:21.210000+02:00,2026-06-07 13:35:21.210000+00:00,-3,3,-8,8
20485,2026-06-07 15:53:00+02:00,2026-06-07 13:53:00+00:00,2026-06-07 15:35:21.210000+02:00,2026-06-07 13:35:21.210000+00:00,-3,3,-8,8
20486,2026-06-07 16:21:00+02:00,2026-06-07 14:21:00+00:00,2026-06-07 15:35:21.210000+02:00,2026-06-07 13:35:21.210000+00:00,-3,3,-8,8
20488,2026-06-07 16:56:00+02:00,2026-06-07 14:56:00+00:00,2026-06-07 16:53:01.010000+02:00,2026-06-07 14:53:01.010000+00:00,-3,3,-10,10
20490,2026-06-07 17:04:00+02:00,2026-06-07 15:04:00+00:00,2026-06-07 16:53:01.010000+02:00,2026-06-07 14:53:01.010000+00:00,-3,3,-10,10
20491,2026-06-07 17:09:00+02:00,2026-06-07 15:09:00+00:00,2026-06-07 16:53:01.010000+02:00,2026-06-07 14:53:01.010000+00:00,-3,3,-10,10
20492,2026-06-07 17:21:00+02:00,2026-06-07 15:21:00+00:00,2026-06-07 16:53:01.010000+02:00,2026-06-07 14:53:01.010000+00:00,-3,3,-10,10
20494,2026-06-07 17:30:00+02:00,2026-06-07 15:30:00+00:00,2026-06-07 16:53:01.010000+02:00,2026-06-07 14:53:01.010000+00:00,-3,3,-10,10
20495,2026-06-07 17:43:00+02:00,2026-06-07 15:43:00+00:00,2026-06-07 16:53:01.010000+02:00,2026-06-07 14:53:01.010000+00:00,-3,3,-10,10
20496,2026-06-07 17:52:00+02:00,2026-06-07 15:52:00+00:00,2026-06-07 16:53:01.010000+02:00,2026-06-07 14:53:01.010000+00:00,-3,3,-10,10
20497,2026-06-07 18:11:00+02:00,2026-06-07 16:11:00+00:00,2026-06-07 16:53:01.010000+02:00,2026-06-07 14:53:01.010000+00:00,-3,3,-10,10
20498,2026-06-07 18:20:00+02:00,2026-06-07 16:20:00+00:00,2026-06-07 16:53:01.010000+02:00,2026-06-07 14:53:01.010000+00:00,-3,3,-10,10
20499,2026-06-07 18:27:00+02:00,2026-06-07 16:27:00+00:00,2026-06-07 16:53:01.010000+02:00,2026-06-07 14:53:01.010000+00:00,-3,3,-10,10
20500,2026-06-07 20:16:00+02:00,2026-06-07 18:16:00+00:00,2026-06-07 16:53:01.010000+02:00,2026-06-07 14:53:01.010000+00:00,-3,3,-10,10
20501,2026-06-07 20:23:00+02:00,2026-06-07 18:23:00+00:00,2026-06-07 20:18:05.050000+02:00,2026-06-07 18:18:05.050000+00:00,-3,3,-8,8
20502,2026-06-07 20:27:00+02:00,2026-06-07 18:27:00+00:00,2026-06-07 20:18:05.050000+02:00,2026-06-07 18:18:05.050000+00:00,-3,3,-8,8
20503,2026-06-07 20:31:00+02:00,2026-06-07 18:31:00+00:00,2026-06-07 20:18:05.050000+02:00,2026-06-07 18:18:05.050000+00:00,-3,3,-8,8
20504,2026-06-07 20:38:00+02:00,2026-06-07 18:38:00+00:00,2026-06-07 20:36:19.190000+02:00,2026-06-07 18:36:19.190000+00:00,-5,5,-8,8
20505,2026-06-07 20:46:00+02:00,2026-06-07 18:46:00+00:00,2026-06-07 20:44:53.530000+02:00,2026-06-07 18:44:53.530000+00:00,-3,3,-8,8
20506,2026-06-07 20:48:00+02:00,2026-06-07 18:48:00+00:00,2026-06-07 20:46:54.540000+02:00,2026-06-07 18:46:54.540000+00:00,-5,5,-8,8
20507,2026-06-07 20:53:00+02:00,2026-06-07 18:53:00+00:00,2026-06-07 20:52:12.120000+02:00,2026-06-07 18:52:12.120000+00:00,-5,5,-8,8
20508,2026-06-07 21:00:00+02:00,2026-06-07 19:00:00+00:00,2026-06-07 20:58:11.110000+02:00,2026-06-07 18:58:11.110000+00:00,-5,5,-8,8
20509,2026-06-07 21:14:00+02:00,2026-06-07 19:14:00+00:00,2026-06-07 21:12:44.440000+02:00,2026-06-07 19:12:44.440000+00:00,-3,3,-8,8
20510,2026-06-07 21:17:00+02:00,2026-06-07 19:17:00+00:00,2026-06-07 21:12:44.440000+02:00,2026-06-07 19:12:44.440000+00:00,-3,3,-8,8
20511,2026-06-07 21:20:00+02:00,2026-06-07 19:20:00+00:00,2026-06-07 21:12:44.440000+02:00,2026-06-07 19:12:44.440000+00:00,-3,3,-8,8
20512,2026-06-07 21:28:00+02:00,2026-06-07 19:28:00+00:00,2026-06-07 21:12:44.440000+02:00,2026-06-07 19:12:44.440000+00:00,-3,3,-8,8
20513,2026-06-07 21:34:00+02:00,2026-06-07 19:34:00+00:00,2026-06-07 21:12:44.440000+02:00,2026-06-07 19:12:44.440000+00:00,-3,3,-8,8
20514,2026-06-07 22:01:00+02:00,2026-06-07 20:01:00+00:00,2026-06-07 21:12:44.440000+02:00,2026-06-07 19:12:44.440000+00:00,-3,3,-8,8
20515,2026-06-07 22:20:00+02:00,2026-06-07 20:20:00+00:00,2026-06-07 21:12:44.440000+02:00,2026-06-07 19:12:44.440000+00:00,-3,3,-8,8
20516,2026-06-07 22:27:00+02:00,2026-06-07 20:27:00+00:00,2026-06-07 21:12:44.440000+02:00,2026-06-07 19:12:44.440000+00:00,-3,3,-8,8
20517,2026-06-07 22:38:00+02:00,2026-06-07 20:38:00+00:00,2026-06-07 21:12:44.440000+02:00,2026-06-07 19:12:44.440000+00:00,-3,3,-8,8
20518,2026-06-07 23:42:00+02:00,2026-06-07 21:42:00+00:00,2026-06-07 21:12:44.440000+02:00,2026-06-07 19:12:44.440000+00:00,-3,3,-8,8
20519,2026-06-08 00:22:00+02:00,2026-06-07 22:22:00+00:00,2026-06-08 00:18:31.310000+02:00,2026-06-07 22:18:31.310000+00:00,-5,5,-8,8
20520,2026-06-08 00:30:00+02:00,2026-06-07 22:30:00+00:00,2026-06-08 00:18:31.310000+02:00,2026-06-07 22:18:31.310000+00:00,-5,5,-8,8
20521,2026-06-08 00:34:00+02:00,2026-06-07 22:34:00+00:00,2026-06-08 00:18:31.310000+02:00,2026-06-07 22:18:31.310000+00:00,-5,5,-8,8
20522,2026-06-08 01:07:00+02:00,2026-06-07 23:07:00+00:00,2026-06-08 01:03:53.530000+02:00,2026-06-07 23:03:53.530000+00:00,-5,5,-8,8
20523,2026-06-08 01:10:00+02:00,2026-06-07 23:10:00+00:00,2026-06-08 01:03:53.530000+02:00,2026-06-07 23:03:53.530000+00:00,-5,5,-8,8
20524,2026-06-08 01:13:00+02:00,2026-06-07 23:13:00+00:00,2026-06-08 01:03:53.530000+02:00,2026-06-07 23:03:53.530000+00:00,-5,5,-8,8
20525,2026-06-08 01:36:00+02:00,2026-06-07 23:36:00+00:00,2026-06-08 01:03:53.530000+02:00,2026-06-07 23:03:53.530000+00:00,-5,5,-8,8
20526,2026-06-08 01:38:00+02:00,2026-06-07 23:38:00+00:00,2026-06-08 01:03:53.530000+02:00,2026-06-07 23:03:53.530000+00:00,-5,5,-8,8
20527,2026-06-08 02:08:00+02:00,2026-06-08 00:08:00+00:00,2026-06-08 02:05:28.280000+02:00,2026-06-08 00:05:28.280000+00:00,-5,5,-8,8
20528,2026-06-08 02:10:00+02:00,2026-06-08 00:10:00+00:00,2026-06-08 02:05:28.280000+02:00,2026-06-08 00:05:28.280000+00:00,-5,5,-8,8
20529,2026-06-08 02:35:00+02:00,2026-06-08 00:35:00+00:00,2026-06-08 02:33:49.490000+02:00,2026-06-08 00:33:49.490000+00:00,-5,5,-8,8
20530,2026-06-08 02:39:00+02:00,2026-06-08 00:39:00+00:00,2026-06-08 02:33:49.490000+02:00,2026-06-08 00:33:49.490000+00:00,-5,5,-8,8
20531,2026-06-08 03:10:00+02:00,2026-06-08 01:10:00+00:00,2026-06-08 03:06:29.290000+02:00,2026-06-08 01:06:29.290000+00:00,-3,3,-8,8
20532,2026-06-08 03:26:00+02:00,2026-06-08 01:26:00+00:00,2026-06-08 03:06:29.290000+02:00,2026-06-08 01:06:29.290000+00:00,-3,3,-8,8
20533,2026-06-08 03:36:00+02:00,2026-06-08 01:36:00+00:00,2026-06-08 03:06:29.290000+02:00,2026-06-08 01:06:29.290000+00:00,-3,3,-8,8
20534,2026-06-08 03:41:00+02:00,2026-06-08 01:41:00+00:00,2026-06-08 03:06:29.290000+02:00,2026-06-08 01:06:29.290000+00:00,-3,3,-8,8
20535,2026-06-08 03:43:00+02:00,2026-06-08 01:43:00+00:00,2026-06-08 03:06:29.290000+02:00,2026-06-08 01:06:29.290000+00:00,-3,3,-8,8
20536,2026-06-08 04:12:00+02:00,2026-06-08 02:12:00+00:00,2026-06-08 04:08:36.360000+02:00,2026-06-08 02:08:36.360000+00:00,-3,3,-10,10
20537,2026-06-08 04:14:00+02:00,2026-06-08 02:14:00+00:00,2026-06-08 04:08:36.360000+02:00,2026-06-08 02:08:36.360000+00:00,-3,3,-10,10
20538,2026-06-08 04:18:00+02:00,2026-06-08 02:18:00+00:00,2026-06-08 04:08:36.360000+02:00,2026-06-08 02:08:36.360000+00:00,-3,3,-10,10
20539,2026-06-08 04:24:00+02:00,2026-06-08 02:24:00+00:00,2026-06-08 04:08:36.360000+02:00,2026-06-08 02:08:36.360000+00:00,-3,3,-10,10
20540,2026-06-08 05:06:00+02:00,2026-06-08 03:06:00+00:00,2026-06-08 05:00:50.500000+02:00,2026-06-08 03:00:50.500000+00:00,-5,5,-10,10
20541,2026-06-08 05:22:00+02:00,2026-06-08 03:22:00+00:00,2026-06-08 05:00:50.500000+02:00,2026-06-08 03:00:50.500000+00:00,-5,5,-10,10
20543,2026-06-08 10:24:00+02:00,2026-06-08 08:24:00+00:00,2026-06-08 07:55:04.040000+02:00,2026-06-08 05:55:04.040000+00:00,-5,5,-8,8
20544,2026-06-08 10:26:00+02:00,2026-06-08 08:26:00+00:00,2026-06-08 07:55:04.040000+02:00,2026-06-08 05:55:04.040000+00:00,-5,5,-8,8
20545,2026-06-08 10:32:00+02:00,2026-06-08 08:32:00+00:00,2026-06-08 07:55:04.040000+02:00,2026-06-08 05:55:04.040000+00:00,-5,5,-8,8
20546,2026-06-08 10:37:00+02:00,2026-06-08 08:37:00+00:00,2026-06-08 07:55:04.040000+02:00,2026-06-08 05:55:04.040000+00:00,-5,5,-8,8
20547,2026-06-08 10:45:00+02:00,2026-06-08 08:45:00+00:00,2026-06-08 07:55:04.040000+02:00,2026-06-08 05:55:04.040000+00:00,-5,5,-8,8
20548,2026-06-08 10:57:00+02:00,2026-06-08 08:57:00+00:00,2026-06-08 07:55:04.040000+02:00,2026-06-08 05:55:04.040000+00:00,-5,5,-8,8
20549,2026-06-08 11:01:00+02:00,2026-06-08 09:01:00+00:00,2026-06-08 07:55:04.040000+02:00,2026-06-08 05:55:04.040000+00:00,-5,5,-8,8
20550,2026-06-08 11:04:00+02:00,2026-06-08 09:04:00+00:00,2026-06-08 07:55:04.040000+02:00,2026-06-08 05:55:04.040000+00:00,-5,5,-8,8
20551,2026-06-08 11:06:00+02:00,2026-06-08 09:06:00+00:00,2026-06-08 07:55:04.040000+02:00,2026-06-08 05:55:04.040000+00:00,-5,5,-8,8
20552,2026-06-08 11:08:00+02:00,2026-06-08 09:08:00+00:00,2026-06-08 07:55:04.040000+02:00,2026-06-08 05:55:04.040000+00:00,-5,5,-8,8
20553,2026-06-08 11:32:00+02:00,2026-06-08 09:32:00+00:00,2026-06-08 11:27:38.380000+02:00,2026-06-08 09:27:38.380000+00:00,-5,5,-8,8
20554,2026-06-08 12:14:00+02:00,2026-06-08 10:14:00+00:00,2026-06-08 12:08:46.460000+02:00,2026-06-08 10:08:46.460000+00:00,-3,3,-8,8
20556,2026-06-08 12:20:00+02:00,2026-06-08 10:20:00+00:00,2026-06-08 12:08:46.460000+02:00,2026-06-08 10:08:46.460000+00:00,-3,3,-8,8
20557,2026-06-08 12:37:00+02:00,2026-06-08 10:37:00+00:00,2026-06-08 12:08:46.460000+02:00,2026-06-08 10:08:46.460000+00:00,-3,3,-8,8
20558,2026-06-08 13:55:00+02:00,2026-06-08 11:55:00+00:00,2026-06-08 12:08:46.460000+02:00,2026-06-08 10:08:46.460000+00:00,-3,3,-8,8
20559,2026-06-08 14:09:00+02:00,2026-06-08 12:09:00+00:00,2026-06-08 12:08:46.460000+02:00,2026-06-08 10:08:46.460000+00:00,-3,3,-8,8
20560,2026-06-08 14:46:00+02:00,2026-06-08 12:46:00+00:00,2026-06-08 12:08:46.460000+02:00,2026-06-08 10:08:46.460000+00:00,-3,3,-8,8
20561,2026-06-08 15:29:00+02:00,2026-06-08 13:29:00+00:00,2026-06-08 12:08:46.460000+02:00,2026-06-08 10:08:46.460000+00:00,-3,3,-8,8
20562,2026-06-08 15:50:00+02:00,2026-06-08 13:50:00+00:00,2026-06-08 12:08:46.460000+02:00,2026-06-08 10:08:46.460000+00:00,-3,3,-8,8
20563,2026-06-08 16:48:00+02:00,2026-06-08 14:48:00+00:00,2026-06-08 12:08:46.460000+02:00,2026-06-08 10:08:46.460000+00:00,-3,3,-8,8
20564,2026-06-08 17:09:00+02:00,2026-06-08 15:09:00+00:00,2026-06-08 12:08:46.460000+02:00,2026-06-08 10:08:46.460000+00:00,-3,3,-8,8
20565,2026-06-08 17:15:00+02:00,2026-06-08 15:15:00+00:00,2026-06-08 12:08:46.460000+02:00,2026-06-08 10:08:46.460000+00:00,-3,3,-8,8
20566,2026-06-08 17:20:00+02:00,2026-06-08 15:20:00+00:00,2026-06-08 12:08:46.460000+02:00,2026-06-08 10:08:46.460000+00:00,-3,3,-8,8
20567,2026-06-08 18:15:00+02:00,2026-06-08 16:15:00+00:00,2026-06-08 12:08:46.460000+02:00,2026-06-08 10:08:46.460000+00:00,-3,3,-8,8
20568,2026-06-08 18:48:00+02:00,2026-06-08 16:48:00+00:00,2026-06-08 12:08:46.460000+02:00,2026-06-08 10:08:46.460000+00:00,-3,3,-8,8
20569,2026-06-08 18:52:00+02:00,2026-06-08 16:52:00+00:00,2026-06-08 12:08:46.460000+02:00,2026-06-08 10:08:46.460000+00:00,-3,3,-8,8
20570,2026-06-08 18:56:00+02:00,2026-06-08 16:56:00+00:00,2026-06-08 12:08:46.460000+02:00,2026-06-08 10:08:46.460000+00:00,-3,3,-8,8
20573,2026-06-08 19:13:00+02:00,2026-06-08 17:13:00+00:00,2026-06-08 19:07:34.340000+02:00,2026-06-08 17:07:34.340000+00:00,-5,5,-15,15
20574,2026-06-08 19:16:00+02:00,2026-06-08 17:16:00+00:00,2026-06-08 19:14:46.460000+02:00,2026-06-08 17:14:46.460000+00:00,-20,20,-8,8
20575,2026-06-08 19:20:00+02:00,2026-06-08 17:20:00+00:00,2026-06-08 19:19:02.020000+02:00,2026-06-08 17:19:02.020000+00:00,-3,3,-8,8
20576,2026-06-08 19:24:00+02:00,2026-06-08 17:24:00+00:00,2026-06-08 19:19:02.020000+02:00,2026-06-08 17:19:02.020000+00:00,-3,3,-8,8
20577,2026-06-08 19:30:00+02:00,2026-06-08 17:30:00+00:00,2026-06-08 19:19:02.020000+02:00,2026-06-08 17:19:02.020000+00:00,-3,3,-8,8
20578,2026-06-08 19:41:00+02:00,2026-06-08 17:41:00+00:00,2026-06-08 19:19:02.020000+02:00,2026-06-08 17:19:02.020000+00:00,-3,3,-8,8
20579,2026-06-08 19:48:00+02:00,2026-06-08 17:48:00+00:00,2026-06-08 19:47:25.250000+02:00,2026-06-08 17:47:25.250000+00:00,-5,5,-8,8
20580,2026-06-08 19:51:00+02:00,2026-06-08 17:51:00+00:00,2026-06-08 19:47:25.250000+02:00,2026-06-08 17:47:25.250000+00:00,-5,5,-8,8
20581,2026-06-08 19:53:00+02:00,2026-06-08 17:53:00+00:00,2026-06-08 19:47:25.250000+02:00,2026-06-08 17:47:25.250000+00:00,-5,5,-8,8
20582,2026-06-08 19:57:00+02:00,2026-06-08 17:57:00+00:00,2026-06-08 19:47:25.250000+02:00,2026-06-08 17:47:25.250000+00:00,-5,5,-8,8
20583,2026-06-08 20:00:00+02:00,2026-06-08 18:00:00+00:00,2026-06-08 19:47:25.250000+02:00,2026-06-08 17:47:25.250000+00:00,-5,5,-8,8
20584,2026-06-08 20:05:00+02:00,2026-06-08 18:05:00+00:00,2026-06-08 19:47:25.250000+02:00,2026-06-08 17:47:25.250000+00:00,-5,5,-8,8
20585,2026-06-08 20:35:00+02:00,2026-06-08 18:35:00+00:00,2026-06-08 20:30:37.370000+02:00,2026-06-08 18:30:37.370000+00:00,-3,3,-8,8
20586,2026-06-08 21:19:00+02:00,2026-06-08 19:19:00+00:00,2026-06-08 20:30:37.370000+02:00,2026-06-08 18:30:37.370000+00:00,-3,3,-8,8
20587,2026-06-09 02:30:00+02:00,2026-06-09 00:30:00+00:00,2026-06-08 20:30:37.370000+02:00,2026-06-08 18:30:37.370000+00:00,-3,3,-8,8
20588,2026-06-09 03:03:00+02:00,2026-06-09 01:03:00+00:00,2026-06-08 20:30:37.370000+02:00,2026-06-08 18:30:37.370000+00:00,-3,3,-8,8
20597,2026-06-09 05:33:00+02:00,2026-06-09 03:33:00+00:00,2026-06-09 04:37:12.120000+02:00,2026-06-09 02:37:12.120000+00:00,-3,3,-8,8
20598,2026-06-09 05:34:00+02:00,2026-06-09 03:34:00+00:00,2026-06-09 04:37:12.120000+02:00,2026-06-09 02:37:12.120000+00:00,-3,3,-8,8
20591,2026-06-09 05:37:00+02:00,2026-06-09 03:37:00+00:00,2026-06-09 04:37:12.120000+02:00,2026-06-09 02:37:12.120000+00:00,-3,3,-8,8
20592,2026-06-09 05:37:00+02:00,2026-06-09 03:37:00+00:00,2026-06-09 04:37:12.120000+02:00,2026-06-09 02:37:12.120000+00:00,-3,3,-8,8
20593,2026-06-09 05:39:00+02:00,2026-06-09 03:39:00+00:00,2026-06-09 04:37:12.120000+02:00,2026-06-09 02:37:12.120000+00:00,-3,3,-8,8
20590,2026-06-09 05:42:00+02:00,2026-06-09 03:42:00+00:00,2026-06-09 04:37:12.120000+02:00,2026-06-09 02:37:12.120000+00:00,-3,3,-8,8
20589,2026-06-09 05:42:00+02:00,2026-06-09 03:42:00+00:00,2026-06-09 04:37:12.120000+02:00,2026-06-09 02:37:12.120000+00:00,-3,3,-8,8
20599,2026-06-09 05:49:00+02:00,2026-06-09 03:49:00+00:00,2026-06-09 05:47:24.240000+02:00,2026-06-09 03:47:24.240000+00:00,-5,5,-10,10
20601,2026-06-09 06:23:00+02:00,2026-06-09 04:23:00+00:00,2026-06-09 06:18:27.270000+02:00,2026-06-09 04:18:27.270000+00:00,-5,5,-8,8
20602,2026-06-09 06:29:00+02:00,2026-06-09 04:29:00+00:00,2026-06-09 06:18:27.270000+02:00,2026-06-09 04:18:27.270000+00:00,-5,5,-8,8
20603,2026-06-09 06:40:00+02:00,2026-06-09 04:40:00+00:00,2026-06-09 06:18:27.270000+02:00,2026-06-09 04:18:27.270000+00:00,-5,5,-8,8
20604,2026-06-09 06:46:00+02:00,2026-06-09 04:46:00+00:00,2026-06-09 06:18:27.270000+02:00,2026-06-09 04:18:27.270000+00:00,-5,5,-8,8
20605,2026-06-09 06:59:00+02:00,2026-06-09 04:59:00+00:00,2026-06-09 06:18:27.270000+02:00,2026-06-09 04:18:27.270000+00:00,-5,5,-8,8
20606,2026-06-09 07:32:00+02:00,2026-06-09 05:32:00+00:00,2026-06-09 07:27:08.080000+02:00,2026-06-09 05:27:08.080000+00:00,-5,5,4,8
20608,2026-06-09 07:55:00+02:00,2026-06-09 05:55:00+00:00,2026-06-09 07:27:08.080000+02:00,2026-06-09 05:27:08.080000+00:00,-5,5,4,8
20609,2026-06-09 08:08:00+02:00,2026-06-09 06:08:00+00:00,2026-06-09 07:27:08.080000+02:00,2026-06-09 05:27:08.080000+00:00,-5,5,4,8
20610,2026-06-09 08:20:00+02:00,2026-06-09 06:20:00+00:00,2026-06-09 07:27:08.080000+02:00,2026-06-09 05:27:08.080000+00:00,-5,5,4,8
20611,2026-06-09 09:01:00+02:00,2026-06-09 07:01:00+00:00,2026-06-09 07:27:08.080000+02:00,2026-06-09 05:27:08.080000+00:00,-5,5,4,8
20612,2026-06-09 09:11:00+02:00,2026-06-09 07:11:00+00:00,2026-06-09 07:27:08.080000+02:00,2026-06-09 05:27:08.080000+00:00,-5,5,4,8
20613,2026-06-09 09:15:00+02:00,2026-06-09 07:15:00+00:00,2026-06-09 07:27:08.080000+02:00,2026-06-09 05:27:08.080000+00:00,-5,5,4,8
20614,2026-06-09 09:55:00+02:00,2026-06-09 07:55:00+00:00,2026-06-09 09:52:56.560000+02:00,2026-06-09 07:52:56.560000+00:00,-3,3,-8,8
20615,2026-06-09 10:00:00+02:00,2026-06-09 08:00:00+00:00,2026-06-09 09:52:56.560000+02:00,2026-06-09 07:52:56.560000+00:00,-3,3,-8,8
20616,2026-06-09 10:32:00+02:00,2026-06-09 08:32:00+00:00,2026-06-09 09:52:56.560000+02:00,2026-06-09 07:52:56.560000+00:00,-3,3,-8,8
20617,2026-06-09 10:36:00+02:00,2026-06-09 08:36:00+00:00,2026-06-09 09:52:56.560000+02:00,2026-06-09 07:52:56.560000+00:00,-3,3,-8,8
20618,2026-06-09 11:02:00+02:00,2026-06-09 09:02:00+00:00,2026-06-09 09:52:56.560000+02:00,2026-06-09 07:52:56.560000+00:00,-3,3,-8,8
20619,2026-06-09 11:37:00+02:00,2026-06-09 09:37:00+00:00,2026-06-09 09:52:56.560000+02:00,2026-06-09 07:52:56.560000+00:00,-3,3,-8,8
20620,2026-06-09 12:28:00+02:00,2026-06-09 10:28:00+00:00,2026-06-09 09:52:56.560000+02:00,2026-06-09 07:52:56.560000+00:00,-3,3,-8,8
20621,2026-06-09 12:35:00+02:00,2026-06-09 10:35:00+00:00,2026-06-09 09:52:56.560000+02:00,2026-06-09 07:52:56.560000+00:00,-3,3,-8,8
20622,2026-06-09 12:41:00+02:00,2026-06-09 10:41:00+00:00,2026-06-09 09:52:56.560000+02:00,2026-06-09 07:52:56.560000+00:00,-3,3,-8,8
20623,2026-06-09 12:42:00+02:00,2026-06-09 10:42:00+00:00,2026-06-09 09:52:56.560000+02:00,2026-06-09 07:52:56.560000+00:00,-3,3,-8,8
20624,2026-06-09 13:28:00+02:00,2026-06-09 11:28:00+00:00,2026-06-09 09:52:56.560000+02:00,2026-06-09 07:52:56.560000+00:00,-3,3,-8,8
20625,2026-06-09 13:34:00+02:00,2026-06-09 11:34:00+00:00,2026-06-09 09:52:56.560000+02:00,2026-06-09 07:52:56.560000+00:00,-3,3,-8,8
20626,2026-06-09 14:00:00+02:00,2026-06-09 12:00:00+00:00,2026-06-09 09:52:56.560000+02:00,2026-06-09 07:52:56.560000+00:00,-3,3,-8,8
20627,2026-06-09 16:05:00+02:00,2026-06-09 14:05:00+00:00,2026-06-09 14:39:23.230000+02:00,2026-06-09 12:39:23.230000+00:00,-3,3,-8,8
20628,2026-06-09 16:27:00+02:00,2026-06-09 14:27:00+00:00,2026-06-09 14:39:23.230000+02:00,2026-06-09 12:39:23.230000+00:00,-3,3,-8,8
20630,2026-06-09 16:35:00+02:00,2026-06-09 14:35:00+00:00,2026-06-09 14:39:23.230000+02:00,2026-06-09 12:39:23.230000+00:00,-3,3,-8,8
20631,2026-06-09 16:38:00+02:00,2026-06-09 14:38:00+00:00,2026-06-09 14:39:23.230000+02:00,2026-06-09 12:39:23.230000+00:00,-3,3,-8,8
20632,2026-06-09 16:54:00+02:00,2026-06-09 14:54:00+00:00,2026-06-09 14:39:23.230000+02:00,2026-06-09 12:39:23.230000+00:00,-3,3,-8,8
20633,2026-06-09 18:23:00+02:00,2026-06-09 16:23:00+00:00,2026-06-09 18:16:44.440000+02:00,2026-06-09 16:16:44.440000+00:00,-10,10,-8,8
20634,2026-06-09 18:40:00+02:00,2026-06-09 16:40:00+00:00,2026-06-09 18:26:24.240000+02:00,2026-06-09 16:26:24.240000+00:00,-5,5,-10,10
20635,2026-06-09 19:06:00+02:00,2026-06-09 17:06:00+00:00,2026-06-09 19:04:08.080000+02:00,2026-06-09 17:04:08.080000+00:00,-3,3,-8,8
20636,2026-06-09 19:39:00+02:00,2026-06-09 17:39:00+00:00,2026-06-09 19:04:08.080000+02:00,2026-06-09 17:04:08.080000+00:00,-3,3,-8,8
20637,2026-06-09 19:49:00+02:00,2026-06-09 17:49:00+00:00,2026-06-09 19:04:08.080000+02:00,2026-06-09 17:04:08.080000+00:00,-3,3,-8,8
20638,2026-06-09 19:59:00+02:00,2026-06-09 17:59:00+00:00,2026-06-09 19:04:08.080000+02:00,2026-06-09 17:04:08.080000+00:00,-3,3,-8,8
20639,2026-06-09 21:12:00+02:00,2026-06-09 19:12:00+00:00,2026-06-09 19:04:08.080000+02:00,2026-06-09 17:04:08.080000+00:00,-3,3,-8,8
20640,2026-06-09 22:04:00+02:00,2026-06-09 20:04:00+00:00,2026-06-09 21:59:33.330000+02:00,2026-06-09 19:59:33.330000+00:00,-3,3,-8,8
20641,2026-06-09 22:09:00+02:00,2026-06-09 20:09:00+00:00,2026-06-09 21:59:33.330000+02:00,2026-06-09 19:59:33.330000+00:00,-3,3,-8,8
20642,2026-06-09 23:20:00+02:00,2026-06-09 21:20:00+00:00,2026-06-09 21:59:33.330000+02:00,2026-06-09 19:59:33.330000+00:00,-3,3,-8,8
20643,2026-06-09 23:38:00+02:00,2026-06-09 21:38:00+00:00,2026-06-09 21:59:33.330000+02:00,2026-06-09 19:59:33.330000+00:00,-3,3,-8,8
20644,2026-06-10 04:01:00+02:00,2026-06-10 02:01:00+00:00,2026-06-09 21:59:33.330000+02:00,2026-06-09 19:59:33.330000+00:00,-3,3,-8,8
20645,2026-06-10 04:16:00+02:00,2026-06-10 02:16:00+00:00,2026-06-09 21:59:33.330000+02:00,2026-06-09 19:59:33.330000+00:00,-3,3,-8,8
20646,2026-06-10 04:21:00+02:00,2026-06-10 02:21:00+00:00,2026-06-09 21:59:33.330000+02:00,2026-06-09 19:59:33.330000+00:00,-3,3,-8,8
20647,2026-06-10 04:30:00+02:00,2026-06-10 02:30:00+00:00,2026-06-09 21:59:33.330000+02:00,2026-06-09 19:59:33.330000+00:00,-3,3,-8,8
20648,2026-06-10 04:35:00+02:00,2026-06-10 02:35:00+00:00,2026-06-09 21:59:33.330000+02:00,2026-06-09 19:59:33.330000+00:00,-3,3,-8,8
20649,2026-06-10 04:36:00+02:00,2026-06-10 02:36:00+00:00,2026-06-09 21:59:33.330000+02:00,2026-06-09 19:59:33.330000+00:00,-3,3,-8,8
20650,2026-06-10 04:58:00+02:00,2026-06-10 02:58:00+00:00,2026-06-10 04:57:15.150000+02:00,2026-06-10 02:57:15.150000+00:00,-3,3,-10,10
20651,2026-06-10 05:05:00+02:00,2026-06-10 03:05:00+00:00,2026-06-10 04:57:15.150000+02:00,2026-06-10 02:57:15.150000+00:00,-3,3,-10,10
20652,2026-06-10 05:06:00+02:00,2026-06-10 03:06:00+00:00,2026-06-10 04:57:15.150000+02:00,2026-06-10 02:57:15.150000+00:00,-3,3,-10,10
20653,2026-06-10 05:24:00+02:00,2026-06-10 03:24:00+00:00,2026-06-10 04:57:15.150000+02:00,2026-06-10 02:57:15.150000+00:00,-3,3,-10,10
20654,2026-06-10 05:33:00+02:00,2026-06-10 03:33:00+00:00,2026-06-10 04:57:15.150000+02:00,2026-06-10 02:57:15.150000+00:00,-3,3,-10,10
20655,2026-06-10 05:52:00+02:00,2026-06-10 03:52:00+00:00,2026-06-10 04:57:15.150000+02:00,2026-06-10 02:57:15.150000+00:00,-3,3,-10,10
20656,2026-06-10 06:32:00+02:00,2026-06-10 04:32:00+00:00,2026-06-10 04:57:15.150000+02:00,2026-06-10 02:57:15.150000+00:00,-3,3,-10,10
20657,2026-06-10 06:39:00+02:00,2026-06-10 04:39:00+00:00,2026-06-10 04:57:15.150000+02:00,2026-06-10 02:57:15.150000+00:00,-3,3,-10,10
20658,2026-06-10 06:46:00+02:00,2026-06-10 04:46:00+00:00,2026-06-10 04:57:15.150000+02:00,2026-06-10 02:57:15.150000+00:00,-3,3,-10,10
20659,2026-06-10 06:57:00+02:00,2026-06-10 04:57:00+00:00,2026-06-10 04:57:15.150000+02:00,2026-06-10 02:57:15.150000+00:00,-3,3,-10,10
20660,2026-06-10 07:17:00+02:00,2026-06-10 05:17:00+00:00,2026-06-10 07:14:22.220000+02:00,2026-06-10 05:14:22.220000+00:00,-3,3,-8,8
20661,2026-06-10 07:23:00+02:00,2026-06-10 05:23:00+00:00,2026-06-10 07:14:22.220000+02:00,2026-06-10 05:14:22.220000+00:00,-3,3,-8,8
20662,2026-06-10 07:29:00+02:00,2026-06-10 05:29:00+00:00,2026-06-10 07:14:22.220000+02:00,2026-06-10 05:14:22.220000+00:00,-3,3,-8,8
20663,2026-06-10 07:31:00+02:00,2026-06-10 05:31:00+00:00,2026-06-10 07:14:22.220000+02:00,2026-06-10 05:14:22.220000+00:00,-3,3,-8,8
20665,2026-06-10 08:00:00+02:00,2026-06-10 06:00:00+00:00,2026-06-10 07:51:04.040000+02:00,2026-06-10 05:51:04.040000+00:00,-3,3,-10,10
20666,2026-06-10 09:32:00+02:00,2026-06-10 07:32:00+00:00,2026-06-10 07:51:04.040000+02:00,2026-06-10 05:51:04.040000+00:00,-3,3,-10,10
20667,2026-06-10 10:14:00+02:00,2026-06-10 08:14:00+00:00,2026-06-10 07:51:04.040000+02:00,2026-06-10 05:51:04.040000+00:00,-3,3,-10,10
20668,2026-06-10 11:09:00+02:00,2026-06-10 09:09:00+00:00,2026-06-10 07:51:04.040000+02:00,2026-06-10 05:51:04.040000+00:00,-3,3,-10,10
20669,2026-06-10 16:49:00+02:00,2026-06-10 14:49:00+00:00,2026-06-10 07:51:04.040000+02:00,2026-06-10 05:51:04.040000+00:00,-3,3,-10,10
20670,2026-06-10 17:03:00+02:00,2026-06-10 15:03:00+00:00,2026-06-10 16:56:48.480000+02:00,2026-06-10 14:56:48.480000+00:00,-5,5,-8,8
20673,2026-06-10 17:31:00+02:00,2026-06-10 15:31:00+00:00,2026-06-10 16:56:48.480000+02:00,2026-06-10 14:56:48.480000+00:00,-5,5,-8,8
20674,2026-06-10 17:43:00+02:00,2026-06-10 15:43:00+00:00,2026-06-10 17:39:51.510000+02:00,2026-06-10 15:39:51.510000+00:00,-3,3,-8,8
20675,2026-06-10 20:20:00+02:00,2026-06-10 18:20:00+00:00,2026-06-10 17:39:51.510000+02:00,2026-06-10 15:39:51.510000+00:00,-3,3,-8,8
20676,2026-06-10 20:52:00+02:00,2026-06-10 18:52:00+00:00,2026-06-10 17:39:51.510000+02:00,2026-06-10 15:39:51.510000+00:00,-3,3,-8,8
20677,2026-06-10 21:08:00+02:00,2026-06-10 19:08:00+00:00,2026-06-10 17:39:51.510000+02:00,2026-06-10 15:39:51.510000+00:00,-3,3,-8,8
20678,2026-06-10 21:21:00+02:00,2026-06-10 19:21:00+00:00,2026-06-10 17:39:51.510000+02:00,2026-06-10 15:39:51.510000+00:00,-3,3,-8,8
20679,2026-06-10 21:46:00+02:00,2026-06-10 19:46:00+00:00,2026-06-10 17:39:51.510000+02:00,2026-06-10 15:39:51.510000+00:00,-3,3,-8,8
20680,2026-06-10 22:05:00+02:00,2026-06-10 20:05:00+00:00,2026-06-10 17:39:51.510000+02:00,2026-06-10 15:39:51.510000+00:00,-3,3,-8,8
20681,2026-06-10 22:12:00+02:00,2026-06-10 20:12:00+00:00,2026-06-10 17:39:51.510000+02:00,2026-06-10 15:39:51.510000+00:00,-3,3,-8,8
20682,2026-06-10 22:39:00+02:00,2026-06-10 20:39:00+00:00,2026-06-10 22:35:00+02:00,2026-06-10 20:35:00+00:00,-3,3,-8,8
20683,2026-06-10 22:54:00+02:00,2026-06-10 20:54:00+00:00,2026-06-10 22:35:00+02:00,2026-06-10 20:35:00+00:00,-3,3,-8,8
20684,2026-06-11 00:58:00+02:00,2026-06-10 22:58:00+00:00,2026-06-10 22:35:00+02:00,2026-06-10 20:35:00+00:00,-3,3,-8,8
20686,2026-06-11 01:25:00+02:00,2026-06-10 23:25:00+00:00,2026-06-10 22:35:00+02:00,2026-06-10 20:35:00+00:00,-3,3,-8,8
20687,2026-06-11 01:35:00+02:00,2026-06-10 23:35:00+00:00,2026-06-10 22:35:00+02:00,2026-06-10 20:35:00+00:00,-3,3,-8,8
20688,2026-06-11 01:51:00+02:00,2026-06-10 23:51:00+00:00,2026-06-10 22:35:00+02:00,2026-06-10 20:35:00+00:00,-3,3,-8,8
20689,2026-06-11 01:54:00+02:00,2026-06-10 23:54:00+00:00,2026-06-10 22:35:00+02:00,2026-06-10 20:35:00+00:00,-3,3,-8,8
20690,2026-06-11 02:15:00+02:00,2026-06-11 00:15:00+00:00,2026-06-10 22:35:00+02:00,2026-06-10 20:35:00+00:00,-3,3,-8,8
20691,2026-06-11 02:25:00+02:00,2026-06-11 00:25:00+00:00,2026-06-10 22:35:00+02:00,2026-06-10 20:35:00+00:00,-3,3,-8,8
20692,2026-06-11 02:39:00+02:00,2026-06-11 00:39:00+00:00,2026-06-10 22:35:00+02:00,2026-06-10 20:35:00+00:00,-3,3,-8,8
20693,2026-06-11 02:57:00+02:00,2026-06-11 00:57:00+00:00,2026-06-10 22:35:00+02:00,2026-06-10 20:35:00+00:00,-3,3,-8,8
20694,2026-06-11 03:06:00+02:00,2026-06-11 01:06:00+00:00,2026-06-10 22:35:00+02:00,2026-06-10 20:35:00+00:00,-3,3,-8,8
20695,2026-06-11 03:19:00+02:00,2026-06-11 01:19:00+00:00,2026-06-10 22:35:00+02:00,2026-06-10 20:35:00+00:00,-3,3,-8,8
20696,2026-06-11 03:42:00+02:00,2026-06-11 01:42:00+00:00,2026-06-10 22:35:00+02:00,2026-06-10 20:35:00+00:00,-3,3,-8,8
20697,2026-06-11 04:05:00+02:00,2026-06-11 02:05:00+00:00,2026-06-10 22:35:00+02:00,2026-06-10 20:35:00+00:00,-3,3,-8,8
20699,2026-06-11 04:12:00+02:00,2026-06-11 02:12:00+00:00,2026-06-10 22:35:00+02:00,2026-06-10 20:35:00+00:00,-3,3,-8,8
20700,2026-06-11 04:19:00+02:00,2026-06-11 02:19:00+00:00,2026-06-11 04:17:30.300000+02:00,2026-06-11 02:17:30.300000+00:00,-3,3,-8,8
20701,2026-06-11 04:33:00+02:00,2026-06-11 02:33:00+00:00,2026-06-11 04:17:30.300000+02:00,2026-06-11 02:17:30.300000+00:00,-3,3,-8,8
20702,2026-06-11 04:45:00+02:00,2026-06-11 02:45:00+00:00,2026-06-11 04:17:30.300000+02:00,2026-06-11 02:17:30.300000+00:00,-3,3,-8,8
20703,2026-06-11 05:00:00+02:00,2026-06-11 03:00:00+00:00,2026-06-11 04:59:01.010000+02:00,2026-06-11 02:59:01.010000+00:00,-3,3,-10,10
20705,2026-06-11 05:13:00+02:00,2026-06-11 03:13:00+00:00,2026-06-11 04:59:01.010000+02:00,2026-06-11 02:59:01.010000+00:00,-3,3,-10,10
20706,2026-06-11 05:19:00+02:00,2026-06-11 03:19:00+00:00,2026-06-11 04:59:01.010000+02:00,2026-06-11 02:59:01.010000+00:00,-3,3,-10,10
20707,2026-06-11 05:29:00+02:00,2026-06-11 03:29:00+00:00,2026-06-11 04:59:01.010000+02:00,2026-06-11 02:59:01.010000+00:00,-3,3,-10,10
20708,2026-06-11 05:42:00+02:00,2026-06-11 03:42:00+00:00,2026-06-11 04:59:01.010000+02:00,2026-06-11 02:59:01.010000+00:00,-3,3,-10,10
20709,2026-06-11 06:05:00+02:00,2026-06-11 04:05:00+00:00,2026-06-11 04:59:01.010000+02:00,2026-06-11 02:59:01.010000+00:00,-3,3,-10,10
20710,2026-06-11 06:10:00+02:00,2026-06-11 04:10:00+00:00,2026-06-11 04:59:01.010000+02:00,2026-06-11 02:59:01.010000+00:00,-3,3,-10,10
20711,2026-06-11 06:13:00+02:00,2026-06-11 04:13:00+00:00,2026-06-11 04:59:01.010000+02:00,2026-06-11 02:59:01.010000+00:00,-3,3,-10,10
20712,2026-06-11 06:21:00+02:00,2026-06-11 04:21:00+00:00,2026-06-11 04:59:01.010000+02:00,2026-06-11 02:59:01.010000+00:00,-3,3,-10,10
20713,2026-06-11 06:33:00+02:00,2026-06-11 04:33:00+00:00,2026-06-11 04:59:01.010000+02:00,2026-06-11 02:59:01.010000+00:00,-3,3,-10,10
20714,2026-06-11 06:36:00+02:00,2026-06-11 04:36:00+00:00,2026-06-11 04:59:01.010000+02:00,2026-06-11 02:59:01.010000+00:00,-3,3,-10,10
20715,2026-06-11 06:55:00+02:00,2026-06-11 04:55:00+00:00,2026-06-11 04:59:01.010000+02:00,2026-06-11 02:59:01.010000+00:00,-3,3,-10,10
20716,2026-06-11 06:57:00+02:00,2026-06-11 04:57:00+00:00,2026-06-11 04:59:01.010000+02:00,2026-06-11 02:59:01.010000+00:00,-3,3,-10,10
20717,2026-06-11 07:03:00+02:00,2026-06-11 05:03:00+00:00,2026-06-11 04:59:01.010000+02:00,2026-06-11 02:59:01.010000+00:00,-3,3,-10,10
20718,2026-06-11 07:10:00+02:00,2026-06-11 05:10:00+00:00,2026-06-11 04:59:01.010000+02:00,2026-06-11 02:59:01.010000+00:00,-3,3,-10,10
20719,2026-06-11 07:13:00+02:00,2026-06-11 05:13:00+00:00,2026-06-11 04:59:01.010000+02:00,2026-06-11 02:59:01.010000+00:00,-3,3,-10,10
20720,2026-06-11 07:15:00+02:00,2026-06-11 05:15:00+00:00,2026-06-11 04:59:01.010000+02:00,2026-06-11 02:59:01.010000+00:00,-3,3,-10,10
20721,2026-06-11 07:19:00+02:00,2026-06-11 05:19:00+00:00,2026-06-11 04:59:01.010000+02:00,2026-06-11 02:59:01.010000+00:00,-3,3,-10,10
20722,2026-06-11 07:21:00+02:00,2026-06-11 05:21:00+00:00,2026-06-11 04:59:01.010000+02:00,2026-06-11 02:59:01.010000+00:00,-3,3,-10,10
20723,2026-06-11 07:22:00+02:00,2026-06-11 05:22:00+00:00,2026-06-11 04:59:01.010000+02:00,2026-06-11 02:59:01.010000+00:00,-3,3,-10,10
20724,2026-06-11 07:31:00+02:00,2026-06-11 05:31:00+00:00,2026-06-11 04:59:01.010000+02:00,2026-06-11 02:59:01.010000+00:00,-3,3,-10,10
20725,2026-06-11 07:40:00+02:00,2026-06-11 05:40:00+00:00,2026-06-11 04:59:01.010000+02:00,2026-06-11 02:59:01.010000+00:00,-3,3,-10,10
20726,2026-06-11 07:44:00+02:00,2026-06-11 05:44:00+00:00,2026-06-11 04:59:01.010000+02:00,2026-06-11 02:59:01.010000+00:00,-3,3,-10,10
20727,2026-06-11 11:25:00+02:00,2026-06-11 09:25:00+00:00,2026-06-11 04:59:01.010000+02:00,2026-06-11 02:59:01.010000+00:00,-3,3,-10,10
20728,2026-06-11 12:29:00+02:00,2026-06-11 10:29:00+00:00,2026-06-11 04:59:01.010000+02:00,2026-06-11 02:59:01.010000+00:00,-3,3,-10,10
20729,2026-06-11 12:32:00+02:00,2026-06-11 10:32:00+00:00,2026-06-11 04:59:01.010000+02:00,2026-06-11 02:59:01.010000+00:00,-3,3,-10,10
20730,2026-06-11 12:35:00+02:00,2026-06-11 10:35:00+00:00,2026-06-11 04:59:01.010000+02:00,2026-06-11 02:59:01.010000+00:00,-3,3,-10,10
20731,2026-06-11 12:40:00+02:00,2026-06-11 10:40:00+00:00,2026-06-11 04:59:01.010000+02:00,2026-06-11 02:59:01.010000+00:00,-3,3,-10,10
20732,2026-06-11 12:42:00+02:00,2026-06-11 10:42:00+00:00,2026-06-11 04:59:01.010000+02:00,2026-06-11 02:59:01.010000+00:00,-3,3,-10,10
20733,2026-06-11 12:53:00+02:00,2026-06-11 10:53:00+00:00,2026-06-11 04:59:01.010000+02:00,2026-06-11 02:59:01.010000+00:00,-3,3,-10,10
20734,2026-06-11 13:19:00+02:00,2026-06-11 11:19:00+00:00,2026-06-11 04:59:01.010000+02:00,2026-06-11 02:59:01.010000+00:00,-3,3,-10,10
20735,2026-06-11 13:30:00+02:00,2026-06-11 11:30:00+00:00,2026-06-11 04:59:01.010000+02:00,2026-06-11 02:59:01.010000+00:00,-3,3,-10,10
20738,2026-06-11 18:23:00+02:00,2026-06-11 16:23:00+00:00,2026-06-11 18:10:44.440000+02:00,2026-06-11 16:10:44.440000+00:00,-5,5,-12,12
20741,2026-06-11 18:49:00+02:00,2026-06-11 16:49:00+00:00,2026-06-11 18:10:44.440000+02:00,2026-06-11 16:10:44.440000+00:00,-5,5,-12,12
20742,2026-06-11 18:59:00+02:00,2026-06-11 16:59:00+00:00,2026-06-11 18:10:44.440000+02:00,2026-06-11 16:10:44.440000+00:00,-5,5,-12,12
20744,2026-06-11 19:06:00+02:00,2026-06-11 17:06:00+00:00,2026-06-11 18:10:44.440000+02:00,2026-06-11 16:10:44.440000+00:00,-5,5,-12,12
20745,2026-06-11 19:11:00+02:00,2026-06-11 17:11:00+00:00,2026-06-11 18:10:44.440000+02:00,2026-06-11 16:10:44.440000+00:00,-5,5,-12,12
20746,2026-06-11 20:49:00+02:00,2026-06-11 18:49:00+00:00,2026-06-11 18:10:44.440000+02:00,2026-06-11 16:10:44.440000+00:00,-5,5,-12,12
20747,2026-06-11 21:04:00+02:00,2026-06-11 19:04:00+00:00,2026-06-11 18:10:44.440000+02:00,2026-06-11 16:10:44.440000+00:00,-5,5,-12,12
20748,2026-06-11 21:21:00+02:00,2026-06-11 19:21:00+00:00,2026-06-11 18:10:44.440000+02:00,2026-06-11 16:10:44.440000+00:00,-5,5,-12,12
20750,2026-06-11 21:50:00+02:00,2026-06-11 19:50:00+00:00,2026-06-11 18:10:44.440000+02:00,2026-06-11 16:10:44.440000+00:00,-5,5,-12,12
20751,2026-06-11 22:08:00+02:00,2026-06-11 20:08:00+00:00,2026-06-11 18:10:44.440000+02:00,2026-06-11 16:10:44.440000+00:00,-5,5,-12,12
20752,2026-06-11 22:16:00+02:00,2026-06-11 20:16:00+00:00,2026-06-11 18:10:44.440000+02:00,2026-06-11 16:10:44.440000+00:00,-5,5,-12,12
20753,2026-06-11 22:20:00+02:00,2026-06-11 20:20:00+00:00,2026-06-11 18:10:44.440000+02:00,2026-06-11 16:10:44.440000+00:00,-5,5,-12,12
20754,2026-06-11 22:57:00+02:00,2026-06-11 20:57:00+00:00,2026-06-11 22:50:47.470000+02:00,2026-06-11 20:50:47.470000+00:00,-5,5,-12,12
20756,2026-06-11 23:19:00+02:00,2026-06-11 21:19:00+00:00,2026-06-11 23:11:35.350000+02:00,2026-06-11 21:11:35.350000+00:00,-5,5,-10,10
20757,2026-06-11 23:26:00+02:00,2026-06-11 21:26:00+00:00,2026-06-11 23:22:08.080000+02:00,2026-06-11 21:22:08.080000+00:00,-15,15,-8,8
20758,2026-06-11 23:31:00+02:00,2026-06-11 21:31:00+00:00,2026-06-11 23:22:08.080000+02:00,2026-06-11 21:22:08.080000+00:00,-15,15,-8,8
20760,2026-06-11 23:38:00+02:00,2026-06-11 21:38:00+00:00,2026-06-11 23:22:08.080000+02:00,2026-06-11 21:22:08.080000+00:00,-15,15,-8,8
20761,2026-06-11 23:42:00+02:00,2026-06-11 21:42:00+00:00,2026-06-11 23:22:08.080000+02:00,2026-06-11 21:22:08.080000+00:00,-15,15,-8,8
20762,2026-06-12 00:13:00+02:00,2026-06-11 22:13:00+00:00,2026-06-11 23:22:08.080000+02:00,2026-06-11 21:22:08.080000+00:00,-15,15,-8,8
20763,2026-06-12 00:20:00+02:00,2026-06-11 22:20:00+00:00,2026-06-11 23:22:08.080000+02:00,2026-06-11 21:22:08.080000+00:00,-15,15,-8,8
20764,2026-06-12 00:23:00+02:00,2026-06-11 22:23:00+00:00,2026-06-11 23:22:08.080000+02:00,2026-06-11 21:22:08.080000+00:00,-15,15,-8,8
20765,2026-06-12 00:27:00+02:00,2026-06-11 22:27:00+00:00,2026-06-11 23:22:08.080000+02:00,2026-06-11 21:22:08.080000+00:00,-15,15,-8,8
20766,2026-06-12 00:31:00+02:00,2026-06-11 22:31:00+00:00,2026-06-11 23:22:08.080000+02:00,2026-06-11 21:22:08.080000+00:00,-15,15,-8,8
20767,2026-06-12 00:33:00+02:00,2026-06-11 22:33:00+00:00,2026-06-11 23:22:08.080000+02:00,2026-06-11 21:22:08.080000+00:00,-15,15,-8,8
20768,2026-06-12 00:36:00+02:00,2026-06-11 22:36:00+00:00,2026-06-11 23:22:08.080000+02:00,2026-06-11 21:22:08.080000+00:00,-15,15,-8,8
20769,2026-06-12 00:37:00+02:00,2026-06-11 22:37:00+00:00,2026-06-11 23:22:08.080000+02:00,2026-06-11 21:22:08.080000+00:00,-15,15,-8,8
20770,2026-06-12 00:59:00+02:00,2026-06-11 22:59:00+00:00,2026-06-11 23:22:08.080000+02:00,2026-06-11 21:22:08.080000+00:00,-15,15,-8,8
20771,2026-06-12 01:17:00+02:00,2026-06-11 23:17:00+00:00,2026-06-11 23:22:08.080000+02:00,2026-06-11 21:22:08.080000+00:00,-15,15,-8,8
20772,2026-06-12 02:21:00+02:00,2026-06-12 00:21:00+00:00,2026-06-11 23:22:08.080000+02:00,2026-06-11 21:22:08.080000+00:00,-15,15,-8,8
20773,2026-06-12 02:27:00+02:00,2026-06-12 00:27:00+00:00,2026-06-12 02:25:07.070000+02:00,2026-06-12 00:25:07.070000+00:00,-20,20,-12,12
20774,2026-06-12 02:37:00+02:00,2026-06-12 00:37:00+00:00,2026-06-12 02:25:07.070000+02:00,2026-06-12 00:25:07.070000+00:00,-20,20,-12,12
20775,2026-06-12 02:45:00+02:00,2026-06-12 00:45:00+00:00,2026-06-12 02:25:07.070000+02:00,2026-06-12 00:25:07.070000+00:00,-20,20,-12,12
20776,2026-06-12 02:57:00+02:00,2026-06-12 00:57:00+00:00,2026-06-12 02:25:07.070000+02:00,2026-06-12 00:25:07.070000+00:00,-20,20,-12,12
20777,2026-06-12 03:01:00+02:00,2026-06-12 01:01:00+00:00,2026-06-12 02:25:07.070000+02:00,2026-06-12 00:25:07.070000+00:00,-20,20,-12,12
20778,2026-06-12 03:04:00+02:00,2026-06-12 01:04:00+00:00,2026-06-12 02:25:07.070000+02:00,2026-06-12 00:25:07.070000+00:00,-20,20,-12,12
20779,2026-06-12 03:08:00+02:00,2026-06-12 01:08:00+00:00,2026-06-12 02:25:07.070000+02:00,2026-06-12 00:25:07.070000+00:00,-20,20,-12,12
20780,2026-06-12 03:16:00+02:00,2026-06-12 01:16:00+00:00,2026-06-12 02:25:07.070000+02:00,2026-06-12 00:25:07.070000+00:00,-20,20,-12,12
20781,2026-06-12 05:33:00+02:00,2026-06-12 03:33:00+00:00,2026-06-12 02:25:07.070000+02:00,2026-06-12 00:25:07.070000+00:00,-20,20,-12,12
20782,2026-06-12 05:43:00+02:00,2026-06-12 03:43:00+00:00,2026-06-12 02:25:07.070000+02:00,2026-06-12 00:25:07.070000+00:00,-20,20,-12,12
20783,2026-06-12 06:11:00+02:00,2026-06-12 04:11:00+00:00,2026-06-12 02:25:07.070000+02:00,2026-06-12 00:25:07.070000+00:00,-20,20,-12,12
20784,2026-06-12 06:22:00+02:00,2026-06-12 04:22:00+00:00,2026-06-12 02:25:07.070000+02:00,2026-06-12 00:25:07.070000+00:00,-20,20,-12,12
20786,2026-06-12 06:40:00+02:00,2026-06-12 04:40:00+00:00,2026-06-12 02:25:07.070000+02:00,2026-06-12 00:25:07.070000+00:00,-20,20,-12,12
20787,2026-06-12 07:13:00+02:00,2026-06-12 05:13:00+00:00,2026-06-12 02:25:07.070000+02:00,2026-06-12 00:25:07.070000+00:00,-20,20,-12,12
20788,2026-06-12 07:28:00+02:00,2026-06-12 05:28:00+00:00,2026-06-12 02:25:07.070000+02:00,2026-06-12 00:25:07.070000+00:00,-20,20,-12,12
20789,2026-06-12 07:36:00+02:00,2026-06-12 05:36:00+00:00,2026-06-12 02:25:07.070000+02:00,2026-06-12 00:25:07.070000+00:00,-20,20,-12,12
20790,2026-06-12 14:11:00+02:00,2026-06-12 12:11:00+00:00,2026-06-12 02:25:07.070000+02:00,2026-06-12 00:25:07.070000+00:00,-20,20,-12,12
20791,2026-06-12 14:15:00+02:00,2026-06-12 12:15:00+00:00,2026-06-12 02:25:07.070000+02:00,2026-06-12 00:25:07.070000+00:00,-20,20,-12,12
20797,2026-06-12 16:38:00+02:00,2026-06-12 14:38:00+00:00,2026-06-12 16:36:32.320000+02:00,2026-06-12 14:36:32.320000+00:00,-10,10,-12,12
20798,2026-06-12 17:07:00+02:00,2026-06-12 15:07:00+00:00,2026-06-12 16:49:06.060000+02:00,2026-06-12 14:49:06.060000+00:00,-20,20,-15,15
20799,2026-06-12 17:15:00+02:00,2026-06-12 15:15:00+00:00,2026-06-12 16:49:06.060000+02:00,2026-06-12 14:49:06.060000+00:00,-20,20,-15,15
20800,2026-06-12 17:27:00+02:00,2026-06-12 15:27:00+00:00,2026-06-12 16:49:06.060000+02:00,2026-06-12 14:49:06.060000+00:00,-20,20,-15,15
20801,2026-06-12 17:49:00+02:00,2026-06-12 15:49:00+00:00,2026-06-12 16:49:06.060000+02:00,2026-06-12 14:49:06.060000+00:00,-20,20,-15,15
20804,2026-06-12 18:43:00+02:00,2026-06-12 16:43:00+00:00,2026-06-12 18:34:09.090000+02:00,2026-06-12 16:34:09.090000+00:00,-5,5,-20,20
20805,2026-06-12 19:01:00+02:00,2026-06-12 17:01:00+00:00,2026-06-12 18:55:05.050000+02:00,2026-06-12 16:55:05.050000+00:00,-10,10,-8,8
20806,2026-06-12 19:19:00+02:00,2026-06-12 17:19:00+00:00,2026-06-12 18:55:05.050000+02:00,2026-06-12 16:55:05.050000+00:00,-10,10,-8,8
20807,2026-06-12 19:21:00+02:00,2026-06-12 17:21:00+00:00,2026-06-12 18:55:05.050000+02:00,2026-06-12 16:55:05.050000+00:00,-10,10,-8,8
20808,2026-06-12 19:39:00+02:00,2026-06-12 17:39:00+00:00,2026-06-12 18:55:05.050000+02:00,2026-06-12 16:55:05.050000+00:00,-10,10,-8,8
20810,2026-06-12 21:28:00+02:00,2026-06-12 19:28:00+00:00,2026-06-12 21:19:56.560000+02:00,2026-06-12 19:19:56.560000+00:00,-15,15,-15,15
20811,2026-06-12 21:33:00+02:00,2026-06-12 19:33:00+00:00,2026-06-12 21:19:56.560000+02:00,2026-06-12 19:19:56.560000+00:00,-15,15,-15,15
20812,2026-06-12 21:39:00+02:00,2026-06-12 19:39:00+00:00,2026-06-12 21:19:56.560000+02:00,2026-06-12 19:19:56.560000+00:00,-15,15,-15,15
20813,2026-06-12 21:43:00+02:00,2026-06-12 19:43:00+00:00,2026-06-12 21:19:56.560000+02:00,2026-06-12 19:19:56.560000+00:00,-15,15,-15,15
20814,2026-06-12 21:46:00+02:00,2026-06-12 19:46:00+00:00,2026-06-12 21:19:56.560000+02:00,2026-06-12 19:19:56.560000+00:00,-15,15,-15,15
20815,2026-06-12 21:52:00+02:00,2026-06-12 19:52:00+00:00,2026-06-12 21:50:09.090000+02:00,2026-06-12 19:50:09.090000+00:00,-8,8,-12,12
20816,2026-06-12 21:58:00+02:00,2026-06-12 19:58:00+00:00,2026-06-12 21:50:09.090000+02:00,2026-06-12 19:50:09.090000+00:00,-8,8,-12,12
20818,2026-06-12 22:00:00+02:00,2026-06-12 20:00:00+00:00,2026-06-12 21:50:09.090000+02:00,2026-06-12 19:50:09.090000+00:00,-8,8,-12,12
20819,2026-06-12 22:10:00+02:00,2026-06-12 20:10:00+00:00,2026-06-12 21:50:09.090000+02:00,2026-06-12 19:50:09.090000+00:00,-8,8,-12,12
20820,2026-06-12 22:15:00+02:00,2026-06-12 20:15:00+00:00,2026-06-12 21:50:09.090000+02:00,2026-06-12 19:50:09.090000+00:00,-8,8,-12,12
20821,2026-06-12 22:22:00+02:00,2026-06-12 20:22:00+00:00,2026-06-12 21:50:09.090000+02:00,2026-06-12 19:50:09.090000+00:00,-8,8,-12,12
20822,2026-06-12 22:42:00+02:00,2026-06-12 20:42:00+00:00,2026-06-12 21:50:09.090000+02:00,2026-06-12 19:50:09.090000+00:00,-8,8,-12,12
20824,2026-06-12 22:58:00+02:00,2026-06-12 20:58:00+00:00,2026-06-12 21:50:09.090000+02:00,2026-06-12 19:50:09.090000+00:00,-8,8,-12,12
20825,2026-06-12 23:05:00+02:00,2026-06-12 21:05:00+00:00,2026-06-12 21:50:09.090000+02:00,2026-06-12 19:50:09.090000+00:00,-8,8,-12,12
20826,2026-06-12 23:10:00+02:00,2026-06-12 21:10:00+00:00,2026-06-12 21:50:09.090000+02:00,2026-06-12 19:50:09.090000+00:00,-8,8,-12,12
20827,2026-06-12 23:20:00+02:00,2026-06-12 21:20:00+00:00,2026-06-12 21:50:09.090000+02:00,2026-06-12 19:50:09.090000+00:00,-8,8,-12,12
20828,2026-06-12 23:44:00+02:00,2026-06-12 21:44:00+00:00,2026-06-12 23:41:40.400000+02:00,2026-06-12 21:41:40.400000+00:00,-8,8,-12,12
20829,2026-06-12 23:51:00+02:00,2026-06-12 21:51:00+00:00,2026-06-12 23:41:40.400000+02:00,2026-06-12 21:41:40.400000+00:00,-8,8,-12,12
20830,2026-06-13 00:05:00+02:00,2026-06-12 22:05:00+00:00,2026-06-13 00:03:10.100000+02:00,2026-06-12 22:03:10.100000+00:00,-8,8,-15,15
20831,2026-06-13 00:07:00+02:00,2026-06-12 22:07:00+00:00,2026-06-13 00:03:10.100000+02:00,2026-06-12 22:03:10.100000+00:00,-8,8,-15,15
20833,2026-06-13 00:16:00+02:00,2026-06-12 22:16:00+00:00,2026-06-13 00:08:34.340000+02:00,2026-06-12 22:08:34.340000+00:00,-8,8,-12,12
20834,2026-06-13 00:19:00+02:00,2026-06-12 22:19:00+00:00,2026-06-13 00:08:34.340000+02:00,2026-06-12 22:08:34.340000+00:00,-8,8,-12,12
20835,2026-06-13 00:36:00+02:00,2026-06-12 22:36:00+00:00,2026-06-13 00:08:34.340000+02:00,2026-06-12 22:08:34.340000+00:00,-8,8,-12,12
20836,2026-06-13 00:39:00+02:00,2026-06-12 22:39:00+00:00,2026-06-13 00:08:34.340000+02:00,2026-06-12 22:08:34.340000+00:00,-8,8,-12,12
20837,2026-06-13 00:43:00+02:00,2026-06-12 22:43:00+00:00,2026-06-13 00:08:34.340000+02:00,2026-06-12 22:08:34.340000+00:00,-8,8,-12,12
20838,2026-06-13 00:45:00+02:00,2026-06-12 22:45:00+00:00,2026-06-13 00:08:34.340000+02:00,2026-06-12 22:08:34.340000+00:00,-8,8,-12,12
20839,2026-06-13 00:50:00+02:00,2026-06-12 22:50:00+00:00,2026-06-13 00:08:34.340000+02:00,2026-06-12 22:08:34.340000+00:00,-8,8,-12,12
20840,2026-06-13 00:53:00+02:00,2026-06-12 22:53:00+00:00,2026-06-13 00:08:34.340000+02:00,2026-06-12 22:08:34.340000+00:00,-8,8,-12,12
20841,2026-06-13 00:59:00+02:00,2026-06-12 22:59:00+00:00,2026-06-13 00:08:34.340000+02:00,2026-06-12 22:08:34.340000+00:00,-8,8,-12,12
20842,2026-06-13 01:18:00+02:00,2026-06-12 23:18:00+00:00,2026-06-13 00:08:34.340000+02:00,2026-06-12 22:08:34.340000+00:00,-8,8,-12,12
20843,2026-06-13 01:43:00+02:00,2026-06-12 23:43:00+00:00,2026-06-13 00:08:34.340000+02:00,2026-06-12 22:08:34.340000+00:00,-8,8,-12,12
20844,2026-06-13 02:21:00+02:00,2026-06-13 00:21:00+00:00,2026-06-13 02:19:12.120000+02:00,2026-06-13 00:19:12.120000+00:00,-10,10,-15,15
20845,2026-06-13 02:27:00+02:00,2026-06-13 00:27:00+00:00,2026-06-13 02:19:12.120000+02:00,2026-06-13 00:19:12.120000+00:00,-10,10,-15,15
20846,2026-06-13 02:32:00+02:00,2026-06-13 00:32:00+00:00,2026-06-13 02:19:12.120000+02:00,2026-06-13 00:19:12.120000+00:00,-10,10,-15,15
20847,2026-06-13 02:37:00+02:00,2026-06-13 00:37:00+00:00,2026-06-13 02:19:12.120000+02:00,2026-06-13 00:19:12.120000+00:00,-10,10,-15,15
20848,2026-06-13 02:48:00+02:00,2026-06-13 00:48:00+00:00,2026-06-13 02:19:12.120000+02:00,2026-06-13 00:19:12.120000+00:00,-10,10,-15,15
20849,2026-06-13 03:01:00+02:00,2026-06-13 01:01:00+00:00,2026-06-13 02:19:12.120000+02:00,2026-06-13 00:19:12.120000+00:00,-10,10,-15,15
20850,2026-06-13 03:28:00+02:00,2026-06-13 01:28:00+00:00,2026-06-13 03:19:40.400000+02:00,2026-06-13 01:19:40.400000+00:00,-8,8,-15,15
20851,2026-06-13 03:32:00+02:00,2026-06-13 01:32:00+00:00,2026-06-13 03:19:40.400000+02:00,2026-06-13 01:19:40.400000+00:00,-8,8,-15,15
20852,2026-06-13 03:36:00+02:00,2026-06-13 01:36:00+00:00,2026-06-13 03:19:40.400000+02:00,2026-06-13 01:19:40.400000+00:00,-8,8,-15,15
20853,2026-06-13 03:51:00+02:00,2026-06-13 01:51:00+00:00,2026-06-13 03:19:40.400000+02:00,2026-06-13 01:19:40.400000+00:00,-8,8,-15,15
20854,2026-06-13 04:01:00+02:00,2026-06-13 02:01:00+00:00,2026-06-13 03:54:37.370000+02:00,2026-06-13 01:54:37.370000+00:00,-15,15,-12,12
20856,2026-06-13 04:07:00+02:00,2026-06-13 02:07:00+00:00,2026-06-13 03:54:37.370000+02:00,2026-06-13 01:54:37.370000+00:00,-15,15,-12,12
20857,2026-06-13 04:11:00+02:00,2026-06-13 02:11:00+00:00,2026-06-13 03:54:37.370000+02:00,2026-06-13 01:54:37.370000+00:00,-15,15,-12,12
20858,2026-06-13 04:13:00+02:00,2026-06-13 02:13:00+00:00,2026-06-13 03:54:37.370000+02:00,2026-06-13 01:54:37.370000+00:00,-15,15,-12,12
20859,2026-06-13 04:16:00+02:00,2026-06-13 02:16:00+00:00,2026-06-13 03:54:37.370000+02:00,2026-06-13 01:54:37.370000+00:00,-15,15,-12,12
20860,2026-06-13 04:18:00+02:00,2026-06-13 02:18:00+00:00,2026-06-13 03:54:37.370000+02:00,2026-06-13 01:54:37.370000+00:00,-15,15,-12,12
20861,2026-06-13 04:21:00+02:00,2026-06-13 02:21:00+00:00,2026-06-13 03:54:37.370000+02:00,2026-06-13 01:54:37.370000+00:00,-15,15,-12,12
20862,2026-06-13 04:27:00+02:00,2026-06-13 02:27:00+00:00,2026-06-13 04:25:23.230000+02:00,2026-06-13 02:25:23.230000+00:00,-8,8,-12,12
20863,2026-06-13 04:39:00+02:00,2026-06-13 02:39:00+00:00,2026-06-13 04:25:23.230000+02:00,2026-06-13 02:25:23.230000+00:00,-8,8,-12,12
20864,2026-06-13 04:45:00+02:00,2026-06-13 02:45:00+00:00,2026-06-13 04:25:23.230000+02:00,2026-06-13 02:25:23.230000+00:00,-8,8,-12,12
20865,2026-06-13 04:53:00+02:00,2026-06-13 02:53:00+00:00,2026-06-13 04:25:23.230000+02:00,2026-06-13 02:25:23.230000+00:00,-8,8,-12,12
20867,2026-06-13 05:10:00+02:00,2026-06-13 03:10:00+00:00,2026-06-13 04:25:23.230000+02:00,2026-06-13 02:25:23.230000+00:00,-8,8,-12,12
20868,2026-06-13 05:46:00+02:00,2026-06-13 03:46:00+00:00,2026-06-13 04:25:23.230000+02:00,2026-06-13 02:25:23.230000+00:00,-8,8,-12,12
20869,2026-06-13 10:58:00+02:00,2026-06-13 08:58:00+00:00,2026-06-13 04:25:23.230000+02:00,2026-06-13 02:25:23.230000+00:00,-8,8,-12,12
20870,2026-06-13 11:17:00+02:00,2026-06-13 09:17:00+00:00,2026-06-13 04:25:23.230000+02:00,2026-06-13 02:25:23.230000+00:00,-8,8,-12,12
20871,2026-06-13 11:33:00+02:00,2026-06-13 09:33:00+00:00,2026-06-13 04:25:23.230000+02:00,2026-06-13 02:25:23.230000+00:00,-8,8,-12,12
20872,2026-06-13 12:00:00+02:00,2026-06-13 10:00:00+00:00,2026-06-13 04:25:23.230000+02:00,2026-06-13 02:25:23.230000+00:00,-8,8,-12,12
20873,2026-06-13 12:10:00+02:00,2026-06-13 10:10:00+00:00,2026-06-13 04:25:23.230000+02:00,2026-06-13 02:25:23.230000+00:00,-8,8,-12,12
20874,2026-06-13 12:25:00+02:00,2026-06-13 10:25:00+00:00,2026-06-13 04:25:23.230000+02:00,2026-06-13 02:25:23.230000+00:00,-8,8,-12,12
20875,2026-06-13 12:39:00+02:00,2026-06-13 10:39:00+00:00,2026-06-13 04:25:23.230000+02:00,2026-06-13 02:25:23.230000+00:00,-8,8,-12,12
20876,2026-06-13 12:47:00+02:00,2026-06-13 10:47:00+00:00,2026-06-13 04:25:23.230000+02:00,2026-06-13 02:25:23.230000+00:00,-8,8,-12,12
20877,2026-06-13 13:22:00+02:00,2026-06-13 11:22:00+00:00,2026-06-13 04:25:23.230000+02:00,2026-06-13 02:25:23.230000+00:00,-8,8,-12,12
20880,2026-06-13 14:42:00+02:00,2026-06-13 12:42:00+00:00,2026-06-13 04:25:23.230000+02:00,2026-06-13 02:25:23.230000+00:00,-8,8,-12,12
20881,2026-06-13 14:50:00+02:00,2026-06-13 12:50:00+00:00,2026-06-13 04:25:23.230000+02:00,2026-06-13 02:25:23.230000+00:00,-8,8,-12,12
20882,2026-06-13 15:48:00+02:00,2026-06-13 13:48:00+00:00,2026-06-13 04:25:23.230000+02:00,2026-06-13 02:25:23.230000+00:00,-8,8,-12,12
20883,2026-06-13 18:26:00+02:00,2026-06-13 16:26:00+00:00,2026-06-13 04:25:23.230000+02:00,2026-06-13 02:25:23.230000+00:00,-8,8,-12,12
20884,2026-06-13 22:55:00+02:00,2026-06-13 20:55:00+00:00,2026-06-13 04:25:23.230000+02:00,2026-06-13 02:25:23.230000+00:00,-8,8,-12,12
20885,2026-06-14 03:00:00+02:00,2026-06-14 01:00:00+00:00,2026-06-13 04:25:23.230000+02:00,2026-06-13 02:25:23.230000+00:00,-8,8,-12,12
20886,2026-06-14 03:11:00+02:00,2026-06-14 01:11:00+00:00,2026-06-13 04:25:23.230000+02:00,2026-06-13 02:25:23.230000+00:00,-8,8,-12,12
20887,2026-06-14 03:27:00+02:00,2026-06-14 01:27:00+00:00,2026-06-13 04:25:23.230000+02:00,2026-06-13 02:25:23.230000+00:00,-8,8,-12,12
20889,2026-06-14 08:53:00+02:00,2026-06-14 06:53:00+00:00,2026-06-14 04:25:32.320000+02:00,2026-06-14 02:25:32.320000+00:00,-8,8,-12,12
20890,2026-06-14 09:06:00+02:00,2026-06-14 07:06:00+00:00,2026-06-14 04:25:32.320000+02:00,2026-06-14 02:25:32.320000+00:00,-8,8,-12,12
20891,2026-06-14 09:51:00+02:00,2026-06-14 07:51:00+00:00,2026-06-14 04:25:32.320000+02:00,2026-06-14 02:25:32.320000+00:00,-8,8,-12,12
20892,2026-06-14 11:08:00+02:00,2026-06-14 09:08:00+00:00,2026-06-14 10:45:33.330000+02:00,2026-06-14 08:45:33.330000+00:00,-5,5,-12,12
20893,2026-06-14 11:15:00+02:00,2026-06-14 09:15:00+00:00,2026-06-14 10:45:33.330000+02:00,2026-06-14 08:45:33.330000+00:00,-5,5,-12,12
20894,2026-06-14 11:19:00+02:00,2026-06-14 09:19:00+00:00,2026-06-14 10:45:33.330000+02:00,2026-06-14 08:45:33.330000+00:00,-5,5,-12,12
20895,2026-06-14 11:25:00+02:00,2026-06-14 09:25:00+00:00,2026-06-14 10:45:33.330000+02:00,2026-06-14 08:45:33.330000+00:00,-5,5,-12,12
20896,2026-06-14 11:35:00+02:00,2026-06-14 09:35:00+00:00,2026-06-14 10:45:33.330000+02:00,2026-06-14 08:45:33.330000+00:00,-5,5,-12,12
20897,2026-06-14 11:45:00+02:00,2026-06-14 09:45:00+00:00,2026-06-14 10:45:33.330000+02:00,2026-06-14 08:45:33.330000+00:00,-5,5,-12,12
20898,2026-06-14 12:11:00+02:00,2026-06-14 10:11:00+00:00,2026-06-14 10:45:33.330000+02:00,2026-06-14 08:45:33.330000+00:00,-5,5,-12,12
20899,2026-06-14 12:59:00+02:00,2026-06-14 10:59:00+00:00,2026-06-14 10:45:33.330000+02:00,2026-06-14 08:45:33.330000+00:00,-5,5,-12,12
20900,2026-06-14 13:44:00+02:00,2026-06-14 11:44:00+00:00,2026-06-14 13:41:28.280000+02:00,2026-06-14 11:41:28.280000+00:00,-10,10,-12,12
20901,2026-06-14 13:49:00+02:00,2026-06-14 11:49:00+00:00,2026-06-14 13:41:28.280000+02:00,2026-06-14 11:41:28.280000+00:00,-10,10,-12,12
20902,2026-06-14 13:53:00+02:00,2026-06-14 11:53:00+00:00,2026-06-14 13:41:28.280000+02:00,2026-06-14 11:41:28.280000+00:00,-10,10,-12,12
20903,2026-06-14 13:57:00+02:00,2026-06-14 11:57:00+00:00,2026-06-14 13:41:28.280000+02:00,2026-06-14 11:41:28.280000+00:00,-10,10,-12,12
20904,2026-06-14 14:04:00+02:00,2026-06-14 12:04:00+00:00,2026-06-14 13:41:28.280000+02:00,2026-06-14 11:41:28.280000+00:00,-10,10,-12,12
20905,2026-06-14 14:12:00+02:00,2026-06-14 12:12:00+00:00,2026-06-14 13:41:28.280000+02:00,2026-06-14 11:41:28.280000+00:00,-10,10,-12,12
20906,2026-06-14 14:23:00+02:00,2026-06-14 12:23:00+00:00,2026-06-14 13:41:28.280000+02:00,2026-06-14 11:41:28.280000+00:00,-10,10,-12,12
20907,2026-06-14 14:46:00+02:00,2026-06-14 12:46:00+00:00,2026-06-14 13:41:28.280000+02:00,2026-06-14 11:41:28.280000+00:00,-10,10,-12,12
20908,2026-06-14 14:51:00+02:00,2026-06-14 12:51:00+00:00,2026-06-14 13:41:28.280000+02:00,2026-06-14 11:41:28.280000+00:00,-10,10,-12,12
20909,2026-06-14 15:01:00+02:00,2026-06-14 13:01:00+00:00,2026-06-14 13:41:28.280000+02:00,2026-06-14 11:41:28.280000+00:00,-10,10,-12,12
20911,2026-06-14 15:38:00+02:00,2026-06-14 13:38:00+00:00,2026-06-14 13:41:28.280000+02:00,2026-06-14 11:41:28.280000+00:00,-10,10,-12,12
20912,2026-06-14 15:48:00+02:00,2026-06-14 13:48:00+00:00,2026-06-14 13:41:28.280000+02:00,2026-06-14 11:41:28.280000+00:00,-10,10,-12,12
20913,2026-06-14 16:00:00+02:00,2026-06-14 14:00:00+00:00,2026-06-14 13:41:28.280000+02:00,2026-06-14 11:41:28.280000+00:00,-10,10,-12,12
20914,2026-06-14 16:30:00+02:00,2026-06-14 14:30:00+00:00,2026-06-14 13:41:28.280000+02:00,2026-06-14 11:41:28.280000+00:00,-10,10,-12,12
20915,2026-06-14 16:45:00+02:00,2026-06-14 14:45:00+00:00,2026-06-14 13:41:28.280000+02:00,2026-06-14 11:41:28.280000+00:00,-10,10,-12,12
20916,2026-06-14 17:22:00+02:00,2026-06-14 15:22:00+00:00,2026-06-14 13:41:28.280000+02:00,2026-06-14 11:41:28.280000+00:00,-10,10,-12,12
20917,2026-06-14 17:25:00+02:00,2026-06-14 15:25:00+00:00,2026-06-14 13:41:28.280000+02:00,2026-06-14 11:41:28.280000+00:00,-10,10,-12,12
20918,2026-06-14 17:40:00+02:00,2026-06-14 15:40:00+00:00,2026-06-14 13:41:28.280000+02:00,2026-06-14 11:41:28.280000+00:00,-10,10,-12,12
20919,2026-06-14 17:52:00+02:00,2026-06-14 15:52:00+00:00,2026-06-14 13:41:28.280000+02:00,2026-06-14 11:41:28.280000+00:00,-10,10,-12,12
20920,2026-06-14 18:10:00+02:00,2026-06-14 16:10:00+00:00,2026-06-14 13:41:28.280000+02:00,2026-06-14 11:41:28.280000+00:00,-10,10,-12,12
20921,2026-06-14 18:38:00+02:00,2026-06-14 16:38:00+00:00,2026-06-14 18:23:22.220000+02:00,2026-06-14 16:23:22.220000+00:00,-8,8,-15,15
20922,2026-06-14 19:10:00+02:00,2026-06-14 17:10:00+00:00,2026-06-14 18:23:22.220000+02:00,2026-06-14 16:23:22.220000+00:00,-8,8,-15,15
20923,2026-06-14 19:25:00+02:00,2026-06-14 17:25:00+00:00,2026-06-14 18:23:22.220000+02:00,2026-06-14 16:23:22.220000+00:00,-8,8,-15,15
20924,2026-06-14 22:57:00+02:00,2026-06-14 20:57:00+00:00,2026-06-14 18:23:22.220000+02:00,2026-06-14 16:23:22.220000+00:00,-8,8,-15,15
20925,2026-06-14 23:13:00+02:00,2026-06-14 21:13:00+00:00,2026-06-14 23:08:27.270000+02:00,2026-06-14 21:08:27.270000+00:00,-15,15,-15,15
20926,2026-06-14 23:15:00+02:00,2026-06-14 21:15:00+00:00,2026-06-14 23:08:27.270000+02:00,2026-06-14 21:08:27.270000+00:00,-15,15,-15,15
20927,2026-06-14 23:20:00+02:00,2026-06-14 21:20:00+00:00,2026-06-14 23:08:27.270000+02:00,2026-06-14 21:08:27.270000+00:00,-15,15,-15,15
20928,2026-06-14 23:26:00+02:00,2026-06-14 21:26:00+00:00,2026-06-14 23:08:27.270000+02:00,2026-06-14 21:08:27.270000+00:00,-15,15,-15,15
20929,2026-06-14 23:33:00+02:00,2026-06-14 21:33:00+00:00,2026-06-14 23:08:27.270000+02:00,2026-06-14 21:08:27.270000+00:00,-15,15,-15,15
20930,2026-06-14 23:36:00+02:00,2026-06-14 21:36:00+00:00,2026-06-14 23:08:27.270000+02:00,2026-06-14 21:08:27.270000+00:00,-15,15,-15,15
20931,2026-06-14 23:45:00+02:00,2026-06-14 21:45:00+00:00,2026-06-14 23:08:27.270000+02:00,2026-06-14 21:08:27.270000+00:00,-15,15,-15,15
20932,2026-06-14 23:58:00+02:00,2026-06-14 21:58:00+00:00,2026-06-14 23:08:27.270000+02:00,2026-06-14 21:08:27.270000+00:00,-15,15,-15,15
20933,2026-06-15 00:20:00+02:00,2026-06-14 22:20:00+00:00,2026-06-14 23:08:27.270000+02:00,2026-06-14 21:08:27.270000+00:00,-15,15,-15,15
20934,2026-06-15 02:22:00+02:00,2026-06-15 00:22:00+00:00,2026-06-14 23:08:27.270000+02:00,2026-06-14 21:08:27.270000+00:00,-15,15,-15,15
20935,2026-06-15 02:50:00+02:00,2026-06-15 00:50:00+00:00,2026-06-14 23:08:27.270000+02:00,2026-06-14 21:08:27.270000+00:00,-15,15,-15,15
20936,2026-06-15 03:14:00+02:00,2026-06-15 01:14:00+00:00,2026-06-14 23:08:27.270000+02:00,2026-06-14 21:08:27.270000+00:00,-15,15,-15,15
20937,2026-06-15 03:32:00+02:00,2026-06-15 01:32:00+00:00,2026-06-15 03:30:42.420000+02:00,2026-06-15 01:30:42.420000+00:00,-20,20,-10,10
20938,2026-06-15 03:38:00+02:00,2026-06-15 01:38:00+00:00,2026-06-15 03:30:42.420000+02:00,2026-06-15 01:30:42.420000+00:00,-20,20,-10,10
20940,2026-06-15 03:48:00+02:00,2026-06-15 01:48:00+00:00,2026-06-15 03:30:42.420000+02:00,2026-06-15 01:30:42.420000+00:00,-20,20,-10,10
20941,2026-06-15 03:51:00+02:00,2026-06-15 01:51:00+00:00,2026-06-15 03:30:42.420000+02:00,2026-06-15 01:30:42.420000+00:00,-20,20,-10,10
20942,2026-06-15 04:10:00+02:00,2026-06-15 02:10:00+00:00,2026-06-15 03:30:42.420000+02:00,2026-06-15 01:30:42.420000+00:00,-20,20,-10,10
20943,2026-06-15 04:18:00+02:00,2026-06-15 02:18:00+00:00,2026-06-15 03:30:42.420000+02:00,2026-06-15 01:30:42.420000+00:00,-20,20,-10,10
20944,2026-06-15 04:52:00+02:00,2026-06-15 02:52:00+00:00,2026-06-15 03:30:42.420000+02:00,2026-06-15 01:30:42.420000+00:00,-20,20,-10,10
20945,2026-06-15 05:02:00+02:00,2026-06-15 03:02:00+00:00,2026-06-15 03:30:42.420000+02:00,2026-06-15 01:30:42.420000+00:00,-20,20,-10,10
20946,2026-06-15 05:12:00+02:00,2026-06-15 03:12:00+00:00,2026-06-15 03:30:42.420000+02:00,2026-06-15 01:30:42.420000+00:00,-20,20,-10,10
20947,2026-06-15 05:16:00+02:00,2026-06-15 03:16:00+00:00,2026-06-15 03:30:42.420000+02:00,2026-06-15 01:30:42.420000+00:00,-20,20,-10,10
20948,2026-06-15 05:22:00+02:00,2026-06-15 03:22:00+00:00,2026-06-15 03:30:42.420000+02:00,2026-06-15 01:30:42.420000+00:00,-20,20,-10,10
20949,2026-06-15 05:26:00+02:00,2026-06-15 03:26:00+00:00,2026-06-15 03:30:42.420000+02:00,2026-06-15 01:30:42.420000+00:00,-20,20,-10,10
20950,2026-06-15 05:28:00+02:00,2026-06-15 03:28:00+00:00,2026-06-15 03:30:42.420000+02:00,2026-06-15 01:30:42.420000+00:00,-20,20,-10,10
20951,2026-06-15 05:57:00+02:00,2026-06-15 03:57:00+00:00,2026-06-15 03:30:42.420000+02:00,2026-06-15 01:30:42.420000+00:00,-20,20,-10,10
20952,2026-06-15 06:27:00+02:00,2026-06-15 04:27:00+00:00,2026-06-15 03:30:42.420000+02:00,2026-06-15 01:30:42.420000+00:00,-20,20,-10,10
20953,2026-06-15 06:33:00+02:00,2026-06-15 04:33:00+00:00,2026-06-15 03:30:42.420000+02:00,2026-06-15 01:30:42.420000+00:00,-20,20,-10,10
20954,2026-06-15 07:10:00+02:00,2026-06-15 05:10:00+00:00,2026-06-15 03:30:42.420000+02:00,2026-06-15 01:30:42.420000+00:00,-20,20,-10,10
20955,2026-06-15 07:33:00+02:00,2026-06-15 05:33:00+00:00,2026-06-15 03:30:42.420000+02:00,2026-06-15 01:30:42.420000+00:00,-20,20,-10,10
20956,2026-06-15 07:38:00+02:00,2026-06-15 05:38:00+00:00,2026-06-15 07:35:29.290000+02:00,2026-06-15 05:35:29.290000+00:00,-15,15,-20,20
20957,2026-06-15 09:33:00+02:00,2026-06-15 07:33:00+00:00,2026-06-15 07:35:29.290000+02:00,2026-06-15 05:35:29.290000+00:00,-15,15,-20,20
20958,2026-06-15 09:36:00+02:00,2026-06-15 07:36:00+00:00,2026-06-15 07:35:29.290000+02:00,2026-06-15 05:35:29.290000+00:00,-15,15,-20,20
20959,2026-06-15 09:42:00+02:00,2026-06-15 07:42:00+00:00,2026-06-15 07:35:29.290000+02:00,2026-06-15 05:35:29.290000+00:00,-15,15,-20,20
20960,2026-06-15 10:42:00+02:00,2026-06-15 08:42:00+00:00,2026-06-15 07:35:29.290000+02:00,2026-06-15 05:35:29.290000+00:00,-15,15,-20,20
20961,2026-06-15 11:02:00+02:00,2026-06-15 09:02:00+00:00,2026-06-15 07:35:29.290000+02:00,2026-06-15 05:35:29.290000+00:00,-15,15,-20,20
20963,2026-06-15 11:40:00+02:00,2026-06-15 09:40:00+00:00,2026-06-15 07:35:29.290000+02:00,2026-06-15 05:35:29.290000+00:00,-15,15,-20,20
20964,2026-06-15 11:49:00+02:00,2026-06-15 09:49:00+00:00,2026-06-15 07:35:29.290000+02:00,2026-06-15 05:35:29.290000+00:00,-15,15,-20,20
20965,2026-06-15 12:04:00+02:00,2026-06-15 10:04:00+00:00,2026-06-15 07:35:29.290000+02:00,2026-06-15 05:35:29.290000+00:00,-15,15,-20,20
20966,2026-06-15 13:18:00+02:00,2026-06-15 11:18:00+00:00,2026-06-15 07:35:29.290000+02:00,2026-06-15 05:35:29.290000+00:00,-15,15,-20,20
20967,2026-06-15 13:57:00+02:00,2026-06-15 11:57:00+00:00,2026-06-15 07:35:29.290000+02:00,2026-06-15 05:35:29.290000+00:00,-15,15,-20,20
20968,2026-06-15 14:51:00+02:00,2026-06-15 12:51:00+00:00,2026-06-15 07:35:29.290000+02:00,2026-06-15 05:35:29.290000+00:00,-15,15,-20,20
20969,2026-06-15 14:54:00+02:00,2026-06-15 12:54:00+00:00,2026-06-15 07:35:29.290000+02:00,2026-06-15 05:35:29.290000+00:00,-15,15,-20,20
20970,2026-06-15 16:58:00+02:00,2026-06-15 14:58:00+00:00,2026-06-15 07:35:29.290000+02:00,2026-06-15 05:35:29.290000+00:00,-15,15,-20,20
20971,2026-06-15 17:02:00+02:00,2026-06-15 15:02:00+00:00,2026-06-15 07:35:29.290000+02:00,2026-06-15 05:35:29.290000+00:00,-15,15,-20,20
20972,2026-06-15 17:05:00+02:00,2026-06-15 15:05:00+00:00,2026-06-15 07:35:29.290000+02:00,2026-06-15 05:35:29.290000+00:00,-15,15,-20,20
20973,2026-06-15 17:38:00+02:00,2026-06-15 15:38:00+00:00,2026-06-15 17:35:31.310000+02:00,2026-06-15 15:35:31.310000+00:00,-8,8,-12,12
20974,2026-06-15 17:52:00+02:00,2026-06-15 15:52:00+00:00,2026-06-15 17:35:31.310000+02:00,2026-06-15 15:35:31.310000+00:00,-8,8,-12,12
20975,2026-06-15 18:06:00+02:00,2026-06-15 16:06:00+00:00,2026-06-15 17:35:31.310000+02:00,2026-06-15 15:35:31.310000+00:00,-8,8,-12,12
20976,2026-06-15 18:17:00+02:00,2026-06-15 16:17:00+00:00,2026-06-15 17:35:31.310000+02:00,2026-06-15 15:35:31.310000+00:00,-8,8,-12,12
20977,2026-06-15 18:30:00+02:00,2026-06-15 16:30:00+00:00,2026-06-15 17:35:31.310000+02:00,2026-06-15 15:35:31.310000+00:00,-8,8,-12,12
20978,2026-06-15 18:45:00+02:00,2026-06-15 16:45:00+00:00,2026-06-15 18:42:44.440000+02:00,2026-06-15 16:42:44.440000+00:00,-15,15,-15,15
20979,2026-06-15 18:57:00+02:00,2026-06-15 16:57:00+00:00,2026-06-15 18:42:44.440000+02:00,2026-06-15 16:42:44.440000+00:00,-15,15,-15,15
20980,2026-06-15 19:02:00+02:00,2026-06-15 17:02:00+00:00,2026-06-15 18:42:44.440000+02:00,2026-06-15 16:42:44.440000+00:00,-15,15,-15,15
20981,2026-06-15 19:34:00+02:00,2026-06-15 17:34:00+00:00,2026-06-15 18:42:44.440000+02:00,2026-06-15 16:42:44.440000+00:00,-15,15,-15,15
20982,2026-06-15 19:47:00+02:00,2026-06-15 17:47:00+00:00,2026-06-15 18:42:44.440000+02:00,2026-06-15 16:42:44.440000+00:00,-15,15,-15,15
20983,2026-06-15 19:55:00+02:00,2026-06-15 17:55:00+00:00,2026-06-15 18:42:44.440000+02:00,2026-06-15 16:42:44.440000+00:00,-15,15,-15,15
20984,2026-06-15 20:03:00+02:00,2026-06-15 18:03:00+00:00,2026-06-15 18:42:44.440000+02:00,2026-06-15 16:42:44.440000+00:00,-15,15,-15,15
20985,2026-06-15 20:18:00+02:00,2026-06-15 18:18:00+00:00,2026-06-15 18:42:44.440000+02:00,2026-06-15 16:42:44.440000+00:00,-15,15,-15,15
20986,2026-06-15 20:24:00+02:00,2026-06-15 18:24:00+00:00,2026-06-15 18:42:44.440000+02:00,2026-06-15 16:42:44.440000+00:00,-15,15,-15,15
20987,2026-06-15 20:38:00+02:00,2026-06-15 18:38:00+00:00,2026-06-15 18:42:44.440000+02:00,2026-06-15 16:42:44.440000+00:00,-15,15,-15,15
20988,2026-06-15 20:44:00+02:00,2026-06-15 18:44:00+00:00,2026-06-15 18:42:44.440000+02:00,2026-06-15 16:42:44.440000+00:00,-15,15,-15,15
20989,2026-06-15 20:56:00+02:00,2026-06-15 18:56:00+00:00,2026-06-15 18:42:44.440000+02:00,2026-06-15 16:42:44.440000+00:00,-15,15,-15,15
20990,2026-06-15 21:33:00+02:00,2026-06-15 19:33:00+00:00,2026-06-15 18:42:44.440000+02:00,2026-06-15 16:42:44.440000+00:00,-15,15,-15,15
20991,2026-06-15 22:06:00+02:00,2026-06-15 20:06:00+00:00,2026-06-15 22:03:14.140000+02:00,2026-06-15 20:03:14.140000+00:00,-5,5,-12,12
20993,2026-06-15 22:26:00+02:00,2026-06-15 20:26:00+00:00,2026-06-15 22:03:14.140000+02:00,2026-06-15 20:03:14.140000+00:00,-5,5,-12,12
20994,2026-06-15 22:49:00+02:00,2026-06-15 20:49:00+00:00,2026-06-15 22:03:14.140000+02:00,2026-06-15 20:03:14.140000+00:00,-5,5,-12,12
20995,2026-06-15 23:06:00+02:00,2026-06-15 21:06:00+00:00,2026-06-15 22:03:14.140000+02:00,2026-06-15 20:03:14.140000+00:00,-5,5,-12,12
20996,2026-06-15 23:20:00+02:00,2026-06-15 21:20:00+00:00,2026-06-15 22:03:14.140000+02:00,2026-06-15 20:03:14.140000+00:00,-5,5,-12,12
20997,2026-06-15 23:28:00+02:00,2026-06-15 21:28:00+00:00,2026-06-15 22:03:14.140000+02:00,2026-06-15 20:03:14.140000+00:00,-5,5,-12,12
20999,2026-06-16 00:01:00+02:00,2026-06-15 22:01:00+00:00,2026-06-15 22:03:14.140000+02:00,2026-06-15 20:03:14.140000+00:00,-5,5,-12,12
21000,2026-06-16 00:13:00+02:00,2026-06-15 22:13:00+00:00,2026-06-15 22:03:14.140000+02:00,2026-06-15 20:03:14.140000+00:00,-5,5,-12,12
21001,2026-06-16 00:23:00+02:00,2026-06-15 22:23:00+00:00,2026-06-15 22:03:14.140000+02:00,2026-06-15 20:03:14.140000+00:00,-5,5,-12,12
21002,2026-06-16 00:33:00+02:00,2026-06-15 22:33:00+00:00,2026-06-15 22:03:14.140000+02:00,2026-06-15 20:03:14.140000+00:00,-5,5,-12,12
21003,2026-06-16 01:11:00+02:00,2026-06-15 23:11:00+00:00,2026-06-15 22:03:14.140000+02:00,2026-06-15 20:03:14.140000+00:00,-5,5,-12,12
21004,2026-06-16 01:32:00+02:00,2026-06-15 23:32:00+00:00,2026-06-15 22:03:14.140000+02:00,2026-06-15 20:03:14.140000+00:00,-5,5,-12,12
21005,2026-06-16 02:30:00+02:00,2026-06-16 00:30:00+00:00,2026-06-15 22:03:14.140000+02:00,2026-06-15 20:03:14.140000+00:00,-5,5,-12,12
21006,2026-06-16 02:36:00+02:00,2026-06-16 00:36:00+00:00,2026-06-15 22:03:14.140000+02:00,2026-06-15 20:03:14.140000+00:00,-5,5,-12,12
21007,2026-06-16 03:11:00+02:00,2026-06-16 01:11:00+00:00,2026-06-15 22:03:14.140000+02:00,2026-06-15 20:03:14.140000+00:00,-5,5,-12,12
21008,2026-06-16 03:27:00+02:00,2026-06-16 01:27:00+00:00,2026-06-15 22:03:14.140000+02:00,2026-06-15 20:03:14.140000+00:00,-5,5,-12,12
21009,2026-06-16 03:37:00+02:00,2026-06-16 01:37:00+00:00,2026-06-15 22:03:14.140000+02:00,2026-06-15 20:03:14.140000+00:00,-5,5,-12,12
21010,2026-06-16 03:46:00+02:00,2026-06-16 01:46:00+00:00,2026-06-15 22:03:14.140000+02:00,2026-06-15 20:03:14.140000+00:00,-5,5,-12,12
21011,2026-06-16 04:13:00+02:00,2026-06-16 02:13:00+00:00,2026-06-15 22:03:14.140000+02:00,2026-06-15 20:03:14.140000+00:00,-5,5,-12,12
21012,2026-06-16 04:24:00+02:00,2026-06-16 02:24:00+00:00,2026-06-15 22:03:14.140000+02:00,2026-06-15 20:03:14.140000+00:00,-5,5,-12,12
21013,2026-06-16 04:36:00+02:00,2026-06-16 02:36:00+00:00,2026-06-15 22:03:14.140000+02:00,2026-06-15 20:03:14.140000+00:00,-5,5,-12,12
21014,2026-06-16 05:03:00+02:00,2026-06-16 03:03:00+00:00,2026-06-15 22:03:14.140000+02:00,2026-06-15 20:03:14.140000+00:00,-5,5,-12,12
21016,2026-06-16 05:22:00+02:00,2026-06-16 03:22:00+00:00,2026-06-15 22:03:14.140000+02:00,2026-06-15 20:03:14.140000+00:00,-5,5,-12,12
21017,2026-06-16 05:54:00+02:00,2026-06-16 03:54:00+00:00,2026-06-15 22:03:14.140000+02:00,2026-06-15 20:03:14.140000+00:00,-5,5,-12,12
21018,2026-06-16 06:15:00+02:00,2026-06-16 04:15:00+00:00,2026-06-15 22:03:14.140000+02:00,2026-06-15 20:03:14.140000+00:00,-5,5,-12,12
21019,2026-06-16 06:24:00+02:00,2026-06-16 04:24:00+00:00,2026-06-15 22:03:14.140000+02:00,2026-06-15 20:03:14.140000+00:00,-5,5,-12,12
21020,2026-06-16 06:39:00+02:00,2026-06-16 04:39:00+00:00,2026-06-15 22:03:14.140000+02:00,2026-06-15 20:03:14.140000+00:00,-5,5,-12,12
21021,2026-06-16 06:52:00+02:00,2026-06-16 04:52:00+00:00,2026-06-15 22:03:14.140000+02:00,2026-06-15 20:03:14.140000+00:00,-5,5,-12,12
21022,2026-06-16 07:56:00+02:00,2026-06-16 05:56:00+00:00,2026-06-16 07:49:15.150000+02:00,2026-06-16 05:49:15.150000+00:00,-15,15,-12,12
21023,2026-06-16 08:03:00+02:00,2026-06-16 06:03:00+00:00,2026-06-16 07:49:15.150000+02:00,2026-06-16 05:49:15.150000+00:00,-15,15,-12,12
21024,2026-06-16 09:17:00+02:00,2026-06-16 07:17:00+00:00,2026-06-16 07:49:15.150000+02:00,2026-06-16 05:49:15.150000+00:00,-15,15,-12,12
21025,2026-06-16 09:24:00+02:00,2026-06-16 07:24:00+00:00,2026-06-16 07:49:15.150000+02:00,2026-06-16 05:49:15.150000+00:00,-15,15,-12,12
21026,2026-06-16 10:13:00+02:00,2026-06-16 08:13:00+00:00,2026-06-16 10:01:01.010000+02:00,2026-06-16 08:01:01.010000+00:00,-5,5,-8,8
21027,2026-06-16 10:17:00+02:00,2026-06-16 08:17:00+00:00,2026-06-16 10:01:01.010000+02:00,2026-06-16 08:01:01.010000+00:00,-5,5,-8,8
21028,2026-06-16 10:20:00+02:00,2026-06-16 08:20:00+00:00,2026-06-16 10:01:01.010000+02:00,2026-06-16 08:01:01.010000+00:00,-5,5,-8,8
21029,2026-06-16 10:23:00+02:00,2026-06-16 08:23:00+00:00,2026-06-16 10:01:01.010000+02:00,2026-06-16 08:01:01.010000+00:00,-5,5,-8,8
21030,2026-06-16 10:29:00+02:00,2026-06-16 08:29:00+00:00,2026-06-16 10:01:01.010000+02:00,2026-06-16 08:01:01.010000+00:00,-5,5,-8,8
21031,2026-06-16 10:36:00+02:00,2026-06-16 08:36:00+00:00,2026-06-16 10:01:01.010000+02:00,2026-06-16 08:01:01.010000+00:00,-5,5,-8,8
21032,2026-06-16 10:40:00+02:00,2026-06-16 08:40:00+00:00,2026-06-16 10:01:01.010000+02:00,2026-06-16 08:01:01.010000+00:00,-5,5,-8,8
21033,2026-06-16 10:46:00+02:00,2026-06-16 08:46:00+00:00,2026-06-16 10:01:01.010000+02:00,2026-06-16 08:01:01.010000+00:00,-5,5,-8,8
21034,2026-06-16 10:51:00+02:00,2026-06-16 08:51:00+00:00,2026-06-16 10:01:01.010000+02:00,2026-06-16 08:01:01.010000+00:00,-5,5,-8,8
21035,2026-06-16 11:01:00+02:00,2026-06-16 09:01:00+00:00,2026-06-16 10:01:01.010000+02:00,2026-06-16 08:01:01.010000+00:00,-5,5,-8,8
21036,2026-06-16 11:28:00+02:00,2026-06-16 09:28:00+00:00,2026-06-16 10:01:01.010000+02:00,2026-06-16 08:01:01.010000+00:00,-5,5,-8,8
21037,2026-06-16 11:33:00+02:00,2026-06-16 09:33:00+00:00,2026-06-16 10:01:01.010000+02:00,2026-06-16 08:01:01.010000+00:00,-5,5,-8,8
21038,2026-06-16 11:40:00+02:00,2026-06-16 09:40:00+00:00,2026-06-16 11:39:07.070000+02:00,2026-06-16 09:39:07.070000+00:00,-5,5,-6,6
21039,2026-06-16 11:45:00+02:00,2026-06-16 09:45:00+00:00,2026-06-16 11:39:07.070000+02:00,2026-06-16 09:39:07.070000+00:00,-5,5,-6,6
21040,2026-06-16 11:50:00+02:00,2026-06-16 09:50:00+00:00,2026-06-16 11:39:07.070000+02:00,2026-06-16 09:39:07.070000+00:00,-5,5,-6,6
21041,2026-06-16 11:58:00+02:00,2026-06-16 09:58:00+00:00,2026-06-16 11:39:07.070000+02:00,2026-06-16 09:39:07.070000+00:00,-5,5,-6,6
21042,2026-06-16 12:03:00+02:00,2026-06-16 10:03:00+00:00,2026-06-16 11:39:07.070000+02:00,2026-06-16 09:39:07.070000+00:00,-5,5,-6,6
21043,2026-06-16 12:06:00+02:00,2026-06-16 10:06:00+00:00,2026-06-16 11:39:07.070000+02:00,2026-06-16 09:39:07.070000+00:00,-5,5,-6,6
21044,2026-06-16 12:13:00+02:00,2026-06-16 10:13:00+00:00,2026-06-16 11:39:07.070000+02:00,2026-06-16 09:39:07.070000+00:00,-5,5,-6,6
21045,2026-06-16 12:17:00+02:00,2026-06-16 10:17:00+00:00,2026-06-16 11:39:07.070000+02:00,2026-06-16 09:39:07.070000+00:00,-5,5,-6,6
21046,2026-06-16 12:25:00+02:00,2026-06-16 10:25:00+00:00,2026-06-16 11:39:07.070000+02:00,2026-06-16 09:39:07.070000+00:00,-5,5,-6,6
21047,2026-06-16 12:32:00+02:00,2026-06-16 10:32:00+00:00,2026-06-16 11:39:07.070000+02:00,2026-06-16 09:39:07.070000+00:00,-5,5,-6,6
21048,2026-06-16 13:02:00+02:00,2026-06-16 11:02:00+00:00,2026-06-16 12:58:48.480000+02:00,2026-06-16 10:58:48.480000+00:00,-5,5,-6,6
21049,2026-06-16 13:04:00+02:00,2026-06-16 11:04:00+00:00,2026-06-16 12:58:48.480000+02:00,2026-06-16 10:58:48.480000+00:00,-5,5,-6,6
21051,2026-06-16 13:10:00+02:00,2026-06-16 11:10:00+00:00,2026-06-16 13:07:18.180000+02:00,2026-06-16 11:07:18.180000+00:00,-3,3,-8,8
21052,2026-06-16 13:17:00+02:00,2026-06-16 11:17:00+00:00,2026-06-16 13:07:18.180000+02:00,2026-06-16 11:07:18.180000+00:00,-3,3,-8,8
21053,2026-06-16 13:38:00+02:00,2026-06-16 11:38:00+00:00,2026-06-16 13:33:53.530000+02:00,2026-06-16 11:33:53.530000+00:00,-5,5,-12,12
21054,2026-06-16 13:48:00+02:00,2026-06-16 11:48:00+00:00,2026-06-16 13:44:10.100000+02:00,2026-06-16 11:44:10.100000+00:00,-3,3,-20,20
21055,2026-06-16 13:59:00+02:00,2026-06-16 11:59:00+00:00,2026-06-16 13:44:10.100000+02:00,2026-06-16 11:44:10.100000+00:00,-3,3,-20,20
21056,2026-06-16 14:02:00+02:00,2026-06-16 12:02:00+00:00,2026-06-16 13:44:10.100000+02:00,2026-06-16 11:44:10.100000+00:00,-3,3,-20,20
21057,2026-06-16 14:08:00+02:00,2026-06-16 12:08:00+00:00,2026-06-16 13:44:10.100000+02:00,2026-06-16 11:44:10.100000+00:00,-3,3,-20,20
21058,2026-06-16 14:24:00+02:00,2026-06-16 12:24:00+00:00,2026-06-16 13:44:10.100000+02:00,2026-06-16 11:44:10.100000+00:00,-3,3,-20,20
21059,2026-06-16 14:44:00+02:00,2026-06-16 12:44:00+00:00,2026-06-16 14:42:49.490000+02:00,2026-06-16 12:42:49.490000+00:00,-3,3,-10,10
21060,2026-06-16 14:55:00+02:00,2026-06-16 12:55:00+00:00,2026-06-16 14:42:49.490000+02:00,2026-06-16 12:42:49.490000+00:00,-3,3,-10,10
21061,2026-06-16 14:58:00+02:00,2026-06-16 12:58:00+00:00,2026-06-16 14:42:49.490000+02:00,2026-06-16 12:42:49.490000+00:00,-3,3,-10,10
21062,2026-06-16 15:01:00+02:00,2026-06-16 13:01:00+00:00,2026-06-16 14:42:49.490000+02:00,2026-06-16 12:42:49.490000+00:00,-3,3,-10,10
21063,2026-06-16 15:07:00+02:00,2026-06-16 13:07:00+00:00,2026-06-16 14:42:49.490000+02:00,2026-06-16 12:42:49.490000+00:00,-3,3,-10,10
21064,2026-06-16 15:09:00+02:00,2026-06-16 13:09:00+00:00,2026-06-16 14:42:49.490000+02:00,2026-06-16 12:42:49.490000+00:00,-3,3,-10,10
21065,2026-06-16 15:11:00+02:00,2026-06-16 13:11:00+00:00,2026-06-16 14:42:49.490000+02:00,2026-06-16 12:42:49.490000+00:00,-3,3,-10,10
21066,2026-06-16 15:15:00+02:00,2026-06-16 13:15:00+00:00,2026-06-16 14:42:49.490000+02:00,2026-06-16 12:42:49.490000+00:00,-3,3,-10,10
21067,2026-06-16 15:22:00+02:00,2026-06-16 13:22:00+00:00,2026-06-16 14:42:49.490000+02:00,2026-06-16 12:42:49.490000+00:00,-3,3,-10,10
21071,2026-06-16 15:31:00+02:00,2026-06-16 13:31:00+00:00,2026-06-16 14:42:49.490000+02:00,2026-06-16 12:42:49.490000+00:00,-3,3,-10,10
21073,2026-06-16 15:39:00+02:00,2026-06-16 13:39:00+00:00,2026-06-16 14:42:49.490000+02:00,2026-06-16 12:42:49.490000+00:00,-3,3,-10,10
21074,2026-06-16 15:44:00+02:00,2026-06-16 13:44:00+00:00,2026-06-16 14:42:49.490000+02:00,2026-06-16 12:42:49.490000+00:00,-3,3,-10,10
21075,2026-06-16 15:47:00+02:00,2026-06-16 13:47:00+00:00,2026-06-16 14:42:49.490000+02:00,2026-06-16 12:42:49.490000+00:00,-3,3,-10,10
21076,2026-06-16 15:54:00+02:00,2026-06-16 13:54:00+00:00,2026-06-16 14:42:49.490000+02:00,2026-06-16 12:42:49.490000+00:00,-3,3,-10,10
21077,2026-06-16 16:03:00+02:00,2026-06-16 14:03:00+00:00,2026-06-16 14:42:49.490000+02:00,2026-06-16 12:42:49.490000+00:00,-3,3,-10,10
21078,2026-06-16 16:11:00+02:00,2026-06-16 14:11:00+00:00,2026-06-16 14:42:49.490000+02:00,2026-06-16 12:42:49.490000+00:00,-3,3,-10,10
21079,2026-06-16 16:32:00+02:00,2026-06-16 14:32:00+00:00,2026-06-16 14:42:49.490000+02:00,2026-06-16 12:42:49.490000+00:00,-3,3,-10,10
21080,2026-06-16 16:43:00+02:00,2026-06-16 14:43:00+00:00,2026-06-16 14:42:49.490000+02:00,2026-06-16 12:42:49.490000+00:00,-3,3,-10,10
21081,2026-06-16 16:49:00+02:00,2026-06-16 14:49:00+00:00,2026-06-16 14:42:49.490000+02:00,2026-06-16 12:42:49.490000+00:00,-3,3,-10,10
21082,2026-06-16 16:56:00+02:00,2026-06-16 14:56:00+00:00,2026-06-16 14:42:49.490000+02:00,2026-06-16 12:42:49.490000+00:00,-3,3,-10,10
21083,2026-06-16 17:30:00+02:00,2026-06-16 15:30:00+00:00,2026-06-16 17:27:17.170000+02:00,2026-06-16 15:27:17.170000+00:00,-10,10,-10,10
21084,2026-06-16 17:39:00+02:00,2026-06-16 15:39:00+00:00,2026-06-16 17:27:17.170000+02:00,2026-06-16 15:27:17.170000+00:00,-10,10,-10,10
21085,2026-06-16 17:46:00+02:00,2026-06-16 15:46:00+00:00,2026-06-16 17:27:17.170000+02:00,2026-06-16 15:27:17.170000+00:00,-10,10,-10,10
21086,2026-06-16 17:49:00+02:00,2026-06-16 15:49:00+00:00,2026-06-16 17:27:17.170000+02:00,2026-06-16 15:27:17.170000+00:00,-10,10,-10,10
21087,2026-06-16 17:56:00+02:00,2026-06-16 15:56:00+00:00,2026-06-16 17:27:17.170000+02:00,2026-06-16 15:27:17.170000+00:00,-10,10,-10,10
21088,2026-06-16 18:00:00+02:00,2026-06-16 16:00:00+00:00,2026-06-16 17:27:17.170000+02:00,2026-06-16 15:27:17.170000+00:00,-10,10,-10,10
21089,2026-06-16 18:03:00+02:00,2026-06-16 16:03:00+00:00,2026-06-16 17:27:17.170000+02:00,2026-06-16 15:27:17.170000+00:00,-10,10,-10,10
21090,2026-06-16 18:08:00+02:00,2026-06-16 16:08:00+00:00,2026-06-16 17:27:17.170000+02:00,2026-06-16 15:27:17.170000+00:00,-10,10,-10,10
21091,2026-06-16 18:12:00+02:00,2026-06-16 16:12:00+00:00,2026-06-16 17:27:17.170000+02:00,2026-06-16 15:27:17.170000+00:00,-10,10,-10,10
21092,2026-06-16 18:21:00+02:00,2026-06-16 16:21:00+00:00,2026-06-16 17:27:17.170000+02:00,2026-06-16 15:27:17.170000+00:00,-10,10,-10,10
21093,2026-06-16 18:29:00+02:00,2026-06-16 16:29:00+00:00,2026-06-16 17:27:17.170000+02:00,2026-06-16 15:27:17.170000+00:00,-10,10,-10,10
21094,2026-06-16 18:34:00+02:00,2026-06-16 16:34:00+00:00,2026-06-16 17:27:17.170000+02:00,2026-06-16 15:27:17.170000+00:00,-10,10,-10,10
21095,2026-06-16 18:44:00+02:00,2026-06-16 16:44:00+00:00,2026-06-16 17:27:17.170000+02:00,2026-06-16 15:27:17.170000+00:00,-10,10,-10,10
21096,2026-06-16 18:53:00+02:00,2026-06-16 16:53:00+00:00,2026-06-16 17:27:17.170000+02:00,2026-06-16 15:27:17.170000+00:00,-10,10,-10,10
21097,2026-06-16 19:05:00+02:00,2026-06-16 17:05:00+00:00,2026-06-16 17:27:17.170000+02:00,2026-06-16 15:27:17.170000+00:00,-10,10,-10,10
21098,2026-06-16 19:12:00+02:00,2026-06-16 17:12:00+00:00,2026-06-16 17:27:17.170000+02:00,2026-06-16 15:27:17.170000+00:00,-10,10,-10,10
21099,2026-06-16 19:21:00+02:00,2026-06-16 17:21:00+00:00,2026-06-16 17:27:17.170000+02:00,2026-06-16 15:27:17.170000+00:00,-10,10,-10,10
21100,2026-06-16 19:39:00+02:00,2026-06-16 17:39:00+00:00,2026-06-16 19:33:45.450000+02:00,2026-06-16 17:33:45.450000+00:00,-3,3,-8,8
21101,2026-06-16 19:40:00+02:00,2026-06-16 17:40:00+00:00,2026-06-16 19:33:45.450000+02:00,2026-06-16 17:33:45.450000+00:00,-3,3,-8,8
21102,2026-06-16 19:53:00+02:00,2026-06-16 17:53:00+00:00,2026-06-16 19:33:45.450000+02:00,2026-06-16 17:33:45.450000+00:00,-3,3,-8,8
21103,2026-06-16 19:59:00+02:00,2026-06-16 17:59:00+00:00,2026-06-16 19:33:45.450000+02:00,2026-06-16 17:33:45.450000+00:00,-3,3,-8,8
21104,2026-06-16 20:03:00+02:00,2026-06-16 18:03:00+00:00,2026-06-16 19:33:45.450000+02:00,2026-06-16 17:33:45.450000+00:00,-3,3,-8,8
21105,2026-06-16 20:06:00+02:00,2026-06-16 18:06:00+00:00,2026-06-16 19:33:45.450000+02:00,2026-06-16 17:33:45.450000+00:00,-3,3,-8,8
21108,2026-06-16 20:10:00+02:00,2026-06-16 18:10:00+00:00,2026-06-16 19:33:45.450000+02:00,2026-06-16 17:33:45.450000+00:00,-3,3,-8,8
21109,2026-06-16 20:14:00+02:00,2026-06-16 18:14:00+00:00,2026-06-16 19:33:45.450000+02:00,2026-06-16 17:33:45.450000+00:00,-3,3,-8,8
21110,2026-06-16 20:32:00+02:00,2026-06-16 18:32:00+00:00,2026-06-16 19:33:45.450000+02:00,2026-06-16 17:33:45.450000+00:00,-3,3,-8,8
21111,2026-06-16 21:50:00+02:00,2026-06-16 19:50:00+00:00,2026-06-16 19:33:45.450000+02:00,2026-06-16 17:33:45.450000+00:00,-3,3,-8,8
21112,2026-06-16 21:57:00+02:00,2026-06-16 19:57:00+00:00,2026-06-16 21:52:22.220000+02:00,2026-06-16 19:52:22.220000+00:00,-5,5,-10,10
21113,2026-06-16 22:03:00+02:00,2026-06-16 20:03:00+00:00,2026-06-16 21:52:22.220000+02:00,2026-06-16 19:52:22.220000+00:00,-5,5,-10,10
21115,2026-06-16 22:10:00+02:00,2026-06-16 20:10:00+00:00,2026-06-16 21:52:22.220000+02:00,2026-06-16 19:52:22.220000+00:00,-5,5,-10,10
21116,2026-06-16 22:12:00+02:00,2026-06-16 20:12:00+00:00,2026-06-16 21:52:22.220000+02:00,2026-06-16 19:52:22.220000+00:00,-5,5,-10,10
21117,2026-06-16 22:38:00+02:00,2026-06-16 20:38:00+00:00,2026-06-16 22:34:10.100000+02:00,2026-06-16 20:34:10.100000+00:00,-5,5,-10,10
21118,2026-06-16 22:47:00+02:00,2026-06-16 20:47:00+00:00,2026-06-16 22:34:10.100000+02:00,2026-06-16 20:34:10.100000+00:00,-5,5,-10,10
21119,2026-06-16 22:48:00+02:00,2026-06-16 20:48:00+00:00,2026-06-16 22:34:10.100000+02:00,2026-06-16 20:34:10.100000+00:00,-5,5,-10,10
21120,2026-06-16 23:08:00+02:00,2026-06-16 21:08:00+00:00,2026-06-16 23:04:42.420000+02:00,2026-06-16 21:04:42.420000+00:00,-3,3,-10,10
21121,2026-06-16 23:17:00+02:00,2026-06-16 21:17:00+00:00,2026-06-16 23:04:42.420000+02:00,2026-06-16 21:04:42.420000+00:00,-3,3,-10,10
21122,2026-06-16 23:22:00+02:00,2026-06-16 21:22:00+00:00,2026-06-16 23:04:42.420000+02:00,2026-06-16 21:04:42.420000+00:00,-3,3,-10,10
21123,2026-06-16 23:35:00+02:00,2026-06-16 21:35:00+00:00,2026-06-16 23:04:42.420000+02:00,2026-06-16 21:04:42.420000+00:00,-3,3,-10,10
21124,2026-06-16 23:49:00+02:00,2026-06-16 21:49:00+00:00,2026-06-16 23:48:53.530000+02:00,2026-06-16 21:48:53.530000+00:00,-5,5,-10,10
21125,2026-06-16 23:50:00+02:00,2026-06-16 21:50:00+00:00,2026-06-16 23:48:53.530000+02:00,2026-06-16 21:48:53.530000+00:00,-5,5,-10,10
21126,2026-06-16 23:53:00+02:00,2026-06-16 21:53:00+00:00,2026-06-16 23:48:53.530000+02:00,2026-06-16 21:48:53.530000+00:00,-5,5,-10,10
21127,2026-06-16 23:55:00+02:00,2026-06-16 21:55:00+00:00,2026-06-16 23:48:53.530000+02:00,2026-06-16 21:48:53.530000+00:00,-5,5,-10,10
21128,2026-06-16 23:58:00+02:00,2026-06-16 21:58:00+00:00,2026-06-16 23:48:53.530000+02:00,2026-06-16 21:48:53.530000+00:00,-5,5,-10,10
21129,2026-06-17 00:01:00+02:00,2026-06-16 22:01:00+00:00,2026-06-16 23:48:53.530000+02:00,2026-06-16 21:48:53.530000+00:00,-5,5,-10,10
21130,2026-06-17 00:15:00+02:00,2026-06-16 22:15:00+00:00,2026-06-17 00:12:44.440000+02:00,2026-06-16 22:12:44.440000+00:00,-5,5,-10,10
21131,2026-06-17 00:18:00+02:00,2026-06-16 22:18:00+00:00,2026-06-17 00:12:44.440000+02:00,2026-06-16 22:12:44.440000+00:00,-5,5,-10,10
21132,2026-06-17 00:20:00+02:00,2026-06-16 22:20:00+00:00,2026-06-17 00:12:44.440000+02:00,2026-06-16 22:12:44.440000+00:00,-5,5,-10,10
21133,2026-06-17 00:23:00+02:00,2026-06-16 22:23:00+00:00,2026-06-17 00:12:44.440000+02:00,2026-06-16 22:12:44.440000+00:00,-5,5,-10,10
21134,2026-06-17 00:26:00+02:00,2026-06-16 22:26:00+00:00,2026-06-17 00:12:44.440000+02:00,2026-06-16 22:12:44.440000+00:00,-5,5,-10,10
21135,2026-06-17 00:33:00+02:00,2026-06-16 22:33:00+00:00,2026-06-17 00:12:44.440000+02:00,2026-06-16 22:12:44.440000+00:00,-5,5,-10,10
21136,2026-06-17 01:07:00+02:00,2026-06-16 23:07:00+00:00,2026-06-17 01:04:05.050000+02:00,2026-06-16 23:04:05.050000+00:00,-5,5,-10,10
21137,2026-06-17 01:11:00+02:00,2026-06-16 23:11:00+00:00,2026-06-17 01:04:05.050000+02:00,2026-06-16 23:04:05.050000+00:00,-5,5,-10,10
21138,2026-06-17 01:15:00+02:00,2026-06-16 23:15:00+00:00,2026-06-17 01:04:05.050000+02:00,2026-06-16 23:04:05.050000+00:00,-5,5,-10,10
21139,2026-06-17 01:42:00+02:00,2026-06-16 23:42:00+00:00,2026-06-17 01:04:05.050000+02:00,2026-06-16 23:04:05.050000+00:00,-5,5,-10,10
21140,2026-06-17 01:49:00+02:00,2026-06-16 23:49:00+00:00,2026-06-17 01:46:47.470000+02:00,2026-06-16 23:46:47.470000+00:00,-5,5,-10,10
21141,2026-06-17 01:52:00+02:00,2026-06-16 23:52:00+00:00,2026-06-17 01:46:47.470000+02:00,2026-06-16 23:46:47.470000+00:00,-5,5,-10,10
21142,2026-06-17 01:56:00+02:00,2026-06-16 23:56:00+00:00,2026-06-17 01:46:47.470000+02:00,2026-06-16 23:46:47.470000+00:00,-5,5,-10,10
21143,2026-06-17 02:00:00+02:00,2026-06-17 00:00:00+00:00,2026-06-17 01:46:47.470000+02:00,2026-06-16 23:46:47.470000+00:00,-5,5,-10,10
21144,2026-06-17 02:03:00+02:00,2026-06-17 00:03:00+00:00,2026-06-17 01:46:47.470000+02:00,2026-06-16 23:46:47.470000+00:00,-5,5,-10,10
21145,2026-06-17 02:06:00+02:00,2026-06-17 00:06:00+00:00,2026-06-17 01:46:47.470000+02:00,2026-06-16 23:46:47.470000+00:00,-5,5,-10,10
21146,2026-06-17 02:16:00+02:00,2026-06-17 00:16:00+00:00,2026-06-17 01:46:47.470000+02:00,2026-06-16 23:46:47.470000+00:00,-5,5,-10,10
21148,2026-06-17 03:05:00+02:00,2026-06-17 01:05:00+00:00,2026-06-17 01:46:47.470000+02:00,2026-06-16 23:46:47.470000+00:00,-5,5,-10,10
21149,2026-06-17 03:11:00+02:00,2026-06-17 01:11:00+00:00,2026-06-17 01:46:47.470000+02:00,2026-06-16 23:46:47.470000+00:00,-5,5,-10,10
21150,2026-06-17 03:15:00+02:00,2026-06-17 01:15:00+00:00,2026-06-17 01:46:47.470000+02:00,2026-06-16 23:46:47.470000+00:00,-5,5,-10,10
21151,2026-06-17 04:07:00+02:00,2026-06-17 02:07:00+00:00,2026-06-17 01:46:47.470000+02:00,2026-06-16 23:46:47.470000+00:00,-5,5,-10,10
21152,2026-06-17 04:10:00+02:00,2026-06-17 02:10:00+00:00,2026-06-17 04:09:06.060000+02:00,2026-06-17 02:09:06.060000+00:00,-5,5,-8,8
21153,2026-06-17 04:14:00+02:00,2026-06-17 02:14:00+00:00,2026-06-17 04:09:06.060000+02:00,2026-06-17 02:09:06.060000+00:00,-5,5,-8,8
21154,2026-06-17 04:18:00+02:00,2026-06-17 02:18:00+00:00,2026-06-17 04:09:06.060000+02:00,2026-06-17 02:09:06.060000+00:00,-5,5,-8,8
21155,2026-06-17 04:22:00+02:00,2026-06-17 02:22:00+00:00,2026-06-17 04:09:06.060000+02:00,2026-06-17 02:09:06.060000+00:00,-5,5,-8,8
21156,2026-06-17 04:29:00+02:00,2026-06-17 02:29:00+00:00,2026-06-17 04:09:06.060000+02:00,2026-06-17 02:09:06.060000+00:00,-5,5,-8,8
21157,2026-06-17 04:38:00+02:00,2026-06-17 02:38:00+00:00,2026-06-17 04:09:06.060000+02:00,2026-06-17 02:09:06.060000+00:00,-5,5,-8,8
21158,2026-06-17 04:57:00+02:00,2026-06-17 02:57:00+00:00,2026-06-17 04:56:22.220000+02:00,2026-06-17 02:56:22.220000+00:00,-5,5,-8,8
21159,2026-06-17 05:00:00+02:00,2026-06-17 03:00:00+00:00,2026-06-17 04:56:22.220000+02:00,2026-06-17 02:56:22.220000+00:00,-5,5,-8,8
21160,2026-06-17 05:06:00+02:00,2026-06-17 03:06:00+00:00,2026-06-17 04:56:22.220000+02:00,2026-06-17 02:56:22.220000+00:00,-5,5,-8,8
21161,2026-06-17 05:12:00+02:00,2026-06-17 03:12:00+00:00,2026-06-17 04:56:22.220000+02:00,2026-06-17 02:56:22.220000+00:00,-5,5,-8,8
21162,2026-06-17 05:14:00+02:00,2026-06-17 03:14:00+00:00,2026-06-17 04:56:22.220000+02:00,2026-06-17 02:56:22.220000+00:00,-5,5,-8,8
21163,2026-06-17 05:40:00+02:00,2026-06-17 03:40:00+00:00,2026-06-17 04:56:22.220000+02:00,2026-06-17 02:56:22.220000+00:00,-5,5,-8,8
21164,2026-06-17 05:47:00+02:00,2026-06-17 03:47:00+00:00,2026-06-17 05:45:05.050000+02:00,2026-06-17 03:45:05.050000+00:00,-5,5,-5,5
21165,2026-06-17 05:50:00+02:00,2026-06-17 03:50:00+00:00,2026-06-17 05:45:05.050000+02:00,2026-06-17 03:45:05.050000+00:00,-5,5,-5,5
21166,2026-06-17 05:52:00+02:00,2026-06-17 03:52:00+00:00,2026-06-17 05:45:05.050000+02:00,2026-06-17 03:45:05.050000+00:00,-5,5,-5,5
21167,2026-06-17 05:54:00+02:00,2026-06-17 03:54:00+00:00,2026-06-17 05:45:05.050000+02:00,2026-06-17 03:45:05.050000+00:00,-5,5,-5,5
21168,2026-06-17 06:15:00+02:00,2026-06-17 04:15:00+00:00,2026-06-17 05:45:05.050000+02:00,2026-06-17 03:45:05.050000+00:00,-5,5,-5,5
21169,2026-06-17 06:25:00+02:00,2026-06-17 04:25:00+00:00,2026-06-17 05:45:05.050000+02:00,2026-06-17 03:45:05.050000+00:00,-5,5,-5,5
21170,2026-06-17 06:35:00+02:00,2026-06-17 04:35:00+00:00,2026-06-17 05:45:05.050000+02:00,2026-06-17 03:45:05.050000+00:00,-5,5,-5,5
21171,2026-06-17 06:44:00+02:00,2026-06-17 04:44:00+00:00,2026-06-17 05:45:05.050000+02:00,2026-06-17 03:45:05.050000+00:00,-5,5,-5,5
21172,2026-06-17 06:55:00+02:00,2026-06-17 04:55:00+00:00,2026-06-17 05:45:05.050000+02:00,2026-06-17 03:45:05.050000+00:00,-5,5,-5,5
21173,2026-06-17 07:15:00+02:00,2026-06-17 05:15:00+00:00,2026-06-17 05:45:05.050000+02:00,2026-06-17 03:45:05.050000+00:00,-5,5,-5,5
21174,2026-06-17 07:21:00+02:00,2026-06-17 05:21:00+00:00,2026-06-17 05:45:05.050000+02:00,2026-06-17 03:45:05.050000+00:00,-5,5,-5,5
21175,2026-06-17 07:49:00+02:00,2026-06-17 05:49:00+00:00,2026-06-17 07:47:47.470000+02:00,2026-06-17 05:47:47.470000+00:00,-3,3,-10,10
21176,2026-06-17 07:53:00+02:00,2026-06-17 05:53:00+00:00,2026-06-17 07:47:47.470000+02:00,2026-06-17 05:47:47.470000+00:00,-3,3,-10,10
21177,2026-06-17 07:56:00+02:00,2026-06-17 05:56:00+00:00,2026-06-17 07:47:47.470000+02:00,2026-06-17 05:47:47.470000+00:00,-3,3,-10,10
21178,2026-06-17 07:57:00+02:00,2026-06-17 05:57:00+00:00,2026-06-17 07:47:47.470000+02:00,2026-06-17 05:47:47.470000+00:00,-3,3,-10,10
21179,2026-06-17 08:03:00+02:00,2026-06-17 06:03:00+00:00,2026-06-17 07:47:47.470000+02:00,2026-06-17 05:47:47.470000+00:00,-3,3,-10,10
21180,2026-06-17 08:12:00+02:00,2026-06-17 06:12:00+00:00,2026-06-17 07:47:47.470000+02:00,2026-06-17 05:47:47.470000+00:00,-3,3,-10,10
21183,2026-06-17 08:46:00+02:00,2026-06-17 06:46:00+00:00,2026-06-17 07:47:47.470000+02:00,2026-06-17 05:47:47.470000+00:00,-3,3,-10,10
21185,2026-06-23 11:55:00+02:00,2026-06-23 09:55:00+00:00,2026-06-17 07:47:47.470000+02:00,2026-06-17 05:47:47.470000+00:00,-3,3,-10,10
21189,2026-06-23 14:30:00+02:00,2026-06-23 12:30:00+00:00,2026-06-17 07:47:47.470000+02:00,2026-06-17 05:47:47.470000+00:00,-3,3,-10,10
21191,2026-06-23 15:00:00+02:00,2026-06-23 13:00:00+00:00,2026-06-17 07:47:47.470000+02:00,2026-06-17 05:47:47.470000+00:00,-3,3,-10,10
21192,2026-06-23 15:35:00+02:00,2026-06-23 13:35:00+00:00,2026-06-17 07:47:47.470000+02:00,2026-06-17 05:47:47.470000+00:00,-3,3,-10,10
21193,2026-06-23 15:44:00+02:00,2026-06-23 13:44:00+00:00,2026-06-17 07:47:47.470000+02:00,2026-06-17 05:47:47.470000+00:00,-3,3,-10,10
21199,2026-06-23 16:16:00+02:00,2026-06-23 14:16:00+00:00,2026-06-17 07:47:47.470000+02:00,2026-06-17 05:47:47.470000+00:00,-3,3,-10,10
21200,2026-06-23 16:21:00+02:00,2026-06-23 14:21:00+00:00,2026-06-17 07:47:47.470000+02:00,2026-06-17 05:47:47.470000+00:00,-3,3,-10,10
21201,2026-06-23 16:35:00+02:00,2026-06-23 14:35:00+00:00,2026-06-17 07:47:47.470000+02:00,2026-06-17 05:47:47.470000+00:00,-3,3,-10,10
21203,2026-06-23 16:42:00+02:00,2026-06-23 14:42:00+00:00,2026-06-17 07:47:47.470000+02:00,2026-06-17 05:47:47.470000+00:00,-3,3,-10,10
21204,2026-06-23 16:59:00+02:00,2026-06-23 14:59:00+00:00,2026-06-17 07:47:47.470000+02:00,2026-06-17 05:47:47.470000+00:00,-3,3,-10,10
21205,2026-06-23 17:15:00+02:00,2026-06-23 15:15:00+00:00,2026-06-17 07:47:47.470000+02:00,2026-06-17 05:47:47.470000+00:00,-3,3,-10,10
21206,2026-06-23 17:31:00+02:00,2026-06-23 15:31:00+00:00,2026-06-17 07:47:47.470000+02:00,2026-06-17 05:47:47.470000+00:00,-3,3,-10,10
21207,2026-06-23 17:55:00+02:00,2026-06-23 15:55:00+00:00,2026-06-17 07:47:47.470000+02:00,2026-06-17 05:47:47.470000+00:00,-3,3,-10,10
21208,2026-06-23 17:58:00+02:00,2026-06-23 15:58:00+00:00,2026-06-17 07:47:47.470000+02:00,2026-06-17 05:47:47.470000+00:00,-3,3,-10,10
21209,2026-06-23 18:03:00+02:00,2026-06-23 16:03:00+00:00,2026-06-17 07:47:47.470000+02:00,2026-06-17 05:47:47.470000+00:00,-3,3,-10,10
21210,2026-06-23 18:04:00+02:00,2026-06-23 16:04:00+00:00,2026-06-17 07:47:47.470000+02:00,2026-06-17 05:47:47.470000+00:00,-3,3,-10,10
21211,2026-06-23 18:07:00+02:00,2026-06-23 16:07:00+00:00,2026-06-17 07:47:47.470000+02:00,2026-06-17 05:47:47.470000+00:00,-3,3,-10,10
21212,2026-06-23 18:08:00+02:00,2026-06-23 16:08:00+00:00,2026-06-17 07:47:47.470000+02:00,2026-06-17 05:47:47.470000+00:00,-3,3,-10,10
21213,2026-06-23 18:09:00+02:00,2026-06-23 16:09:00+00:00,2026-06-17 07:47:47.470000+02:00,2026-06-17 05:47:47.470000+00:00,-3,3,-10,10
21214,2026-06-23 18:13:00+02:00,2026-06-23 16:13:00+00:00,2026-06-17 07:47:47.470000+02:00,2026-06-17 05:47:47.470000+00:00,-3,3,-10,10
21215,2026-06-23 18:14:00+02:00,2026-06-23 16:14:00+00:00,2026-06-17 07:47:47.470000+02:00,2026-06-17 05:47:47.470000+00:00,-3,3,-10,10
21216,2026-06-23 18:19:00+02:00,2026-06-23 16:19:00+00:00,2026-06-17 07:47:47.470000+02:00,2026-06-17 05:47:47.470000+00:00,-3,3,-10,10
21217,2026-06-23 18:21:00+02:00,2026-06-23 16:21:00+00:00,2026-06-17 07:47:47.470000+02:00,2026-06-17 05:47:47.470000+00:00,-3,3,-10,10
21218,2026-06-23 18:33:00+02:00,2026-06-23 16:33:00+00:00,2026-06-17 07:47:47.470000+02:00,2026-06-17 05:47:47.470000+00:00,-3,3,-10,10
21219,2026-06-23 18:38:00+02:00,2026-06-23 16:38:00+00:00,2026-06-17 07:47:47.470000+02:00,2026-06-17 05:47:47.470000+00:00,-3,3,-10,10
21221,2026-06-23 18:49:00+02:00,2026-06-23 16:49:00+00:00,2026-06-17 07:47:47.470000+02:00,2026-06-17 05:47:47.470000+00:00,-3,3,-10,10
21222,2026-06-23 18:53:00+02:00,2026-06-23 16:53:00+00:00,2026-06-17 07:47:47.470000+02:00,2026-06-17 05:47:47.470000+00:00,-3,3,-10,10
21223,2026-06-23 18:54:00+02:00,2026-06-23 16:54:00+00:00,2026-06-17 07:47:47.470000+02:00,2026-06-17 05:47:47.470000+00:00,-3,3,-10,10
21224,2026-06-23 18:59:00+02:00,2026-06-23 16:59:00+00:00,2026-06-17 07:47:47.470000+02:00,2026-06-17 05:47:47.470000+00:00,-3,3,-10,10
21225,2026-06-23 19:00:00+02:00,2026-06-23 17:00:00+00:00,2026-06-17 07:47:47.470000+02:00,2026-06-17 05:47:47.470000+00:00,-3,3,-10,10
21226,2026-06-23 19:04:00+02:00,2026-06-23 17:04:00+00:00,2026-06-17 07:47:47.470000+02:00,2026-06-17 05:47:47.470000+00:00,-3,3,-10,10
21227,2026-06-23 19:05:00+02:00,2026-06-23 17:05:00+00:00,2026-06-17 07:47:47.470000+02:00,2026-06-17 05:47:47.470000+00:00,-3,3,-10,10
21228,2026-06-23 19:11:00+02:00,2026-06-23 17:11:00+00:00,2026-06-17 07:47:47.470000+02:00,2026-06-17 05:47:47.470000+00:00,-3,3,-10,10
21229,2026-06-23 19:12:00+02:00,2026-06-23 17:12:00+00:00,2026-06-17 07:47:47.470000+02:00,2026-06-17 05:47:47.470000+00:00,-3,3,-10,10
21230,2026-06-23 19:13:00+02:00,2026-06-23 17:13:00+00:00,2026-06-17 07:47:47.470000+02:00,2026-06-17 05:47:47.470000+00:00,-3,3,-10,10
21231,2026-06-23 19:23:00+02:00,2026-06-23 17:23:00+00:00,2026-06-17 07:47:47.470000+02:00,2026-06-17 05:47:47.470000+00:00,-3,3,-10,10
21232,2026-06-23 19:31:00+02:00,2026-06-23 17:31:00+00:00,2026-06-17 07:47:47.470000+02:00,2026-06-17 05:47:47.470000+00:00,-3,3,-10,10
21233,2026-06-23 19:38:00+02:00,2026-06-23 17:38:00+00:00,2026-06-17 07:47:47.470000+02:00,2026-06-17 05:47:47.470000+00:00,-3,3,-10,10
21234,2026-06-23 19:39:00+02:00,2026-06-23 17:39:00+00:00,2026-06-17 07:47:47.470000+02:00,2026-06-17 05:47:47.470000+00:00,-3,3,-10,10
21235,2026-06-23 19:40:00+02:00,2026-06-23 17:40:00+00:00,2026-06-17 07:47:47.470000+02:00,2026-06-17 05:47:47.470000+00:00,-3,3,-10,10
